4,1,1,1
4,1,1,1
4,1,1,1
4,1,1,1
4,1,1,1
4,1,1,1
4,1,1,1
4,1,1,1
4,1,1,1
4,1,1,1
4,1,1,1
4,1,1,1
4,1,1,1
4,1,1,1
4,1,1,1
4,1,1,1
4,1,2,1
4,1,2,1
4,1,2,1
4,1,2,1
4,1,2,1
4,1,2,1
4,1,2,1
4,1,2,1
4,1,2,1
4,1,2,1
4,1,2,1
4,1,2,1
4,1,2,1
4,1,2,1
4,1,2,1
4,1,2,1
4,1,2,1
4,1,2,1
4,1,2,1
4,1,2,1
4,1,2,1
4,1,2,1
4,1,2,1
4,1,2,1
4,1,3,1
4,1,3,1
4,1,3,1
4,1,3,1
4,1,3,1
4,1,3,1
4,1,3,1
4,1,3,1
4,1,3,1
4,1,3,1
4,1,3,1
4,1,3,1
4,1,3,1
4,1,3,1
4,1,3,1
4,1,3,1
4,1,3,3
4,1,3,3
4,1,3,3
4,1,3,3
4,1,3,3
4,1,3,3
4,1,3,3
4,1,3,3
4,1,3,3
4,1,3,3
4,1,3,3
4,1,3,3
4,1,3,3
4,1,3,3
4,1,3,3
4,1,3,3
4,1,3,3
4,1,3,3
4,1,3,3
4,1,3,3
4,1,3,3
4,1,3,3
4,1,3,3
4,1,3,3
4,1,3,3
4,1,3,3
4,1,3,3
4,1,3,3
4,1,3,3
4,1,3,3
4,1,3,3
4,1,3,3
4,1,3,3
4,1,3,3
4,1,3,3
4,1,3,3
4,1,3,3
4,1,3,3
4,1,3,3
4,1,3,3
4,1,3,3
4,1,3,3
4,1,3,3
4,1,3,3
4,1,3,3
4,1,3,3
4,1,3,3
4,1,3,3
4,1,3,3
4,1,3,3
4,1,3,3
4,1,3,3
4,1,3,3
4,1,3,3
4,1,3,3
4,1,3,3
4,1,3,3
4,1,3,3
4,1,3,3
4,1,3,3
4,1,3,3
4,1,3,3
4,1,3,3
4,10,2,1
4,10,2,1
4,10,2,1
4,10,2,1
4,10,2,1
4,10,2,1
4,10,2,1
4,10,2,1
4,10,2,1
4,10,2,1
4,10,3,2
4,10,3,3
4,10,4,1
4,10,4,3
4,10,5,7
4,11,2,1
4,11,2,1
4,11,2,1
4,11,2,1
4,11,2,1
4,11,2,1
4,11,2,1
4,11,2,1
4,11,2,1
4,11,2,1
4,11,2,1
4,11,2,1
4,11,2,1
4,11,3,3
4,11,4,3
4,11,7,3
4,11,8,6
4,12,2,1
4,12,2,1
4,12,2,1
4,12,2,1
4,12,2,1
4,12,2,1
4,12,2,1
4,12,2,1
4,12,2,1
4,12,2,1
4,12,2,1
4,12,3,2
4,12,3,3
4,12,3,3
4,12,3,3
4,12,4,3
4,12,6,3
4,12,6,6
4,12,9,3
4,13,11,10
4,13,2,1
4,13,2,1
4,13,2,1
4,13,2,1
4,13,2,1
4,13,2,1
4,13,2,1
4,13,2,1
4,13,2,1
4,13,2,1
4,13,2,1
4,13,2,1
4,13,2,1
4,13,3,1
4,13,3,3
4,13,3,3
4,13,4,3
4,13,6,8
4,14,2,1
4,14,2,1
4,14,2,1
4,14,2,1
4,14,2,1
4,14,2,1
4,14,2,1
4,14,3,3
4,14,4,3
4,14,6,7
4,14,8,14
4,14,8,8
4,15,11,12
4,15,2,1
4,15,2,1
4,15,2,1
4,15,3,3
4,15,3,3
4,15,3,3
4,15,3,3
4,15,4,3
4,15,4,6
4,15,5,3
4,15,6,6
4,15,7,3
4,16,10,10
4,16,15,19
4,16,2,1
4,16,2,1
4,16,2,1
4,16,2,1
4,16,2,1
4,16,2,1
4,16,2,1
4,16,2,1
4,16,2,1
4,16,2,1
4,16,3,2
4,16,3,3
4,16,4,3
4,16,4,3
4,16,4,6
4,16,5,3
4,16,5,3
4,16,6,3
4,16,6,4
4,17,2,1
4,17,2,1
4,17,2,1
4,17,2,1
4,17,2,1
4,17,2,1
4,17,2,1
4,17,2,1
4,17,2,1
4,17,3,1
4,17,4,1
4,17,4,3
4,17,5,3
4,17,5,3
4,18,2,1
4,18,2,1
4,18,2,1
4,18,2,1
4,18,2,1
4,18,2,1
4,18,2,1
4,18,2,1
4,18,2,1
4,18,2,1
4,18,2,1
4,18,2,1
4,18,3,1
4,18,5,7
4,18,8,3
4,19,2,1
4,19,2,1
4,19,3,3
4,19,3,3
4,19,3,3
4,19,5,3
4,19,5,4
4,19,6,6
4,19,6,6
4,19,7,4
4,2,1,1
4,2,1,1
4,2,1,1
4,2,1,1
4,2,1,1
4,2,1,1
4,2,1,1
4,2,1,1
4,2,1,1
4,2,1,1
4,2,1,1
4,2,1,1
4,2,1,1
4,2,1,1
4,2,1,1
4,2,2,1
4,2,2,1
4,2,2,1
4,2,2,1
4,2,2,1
4,2,2,1
4,2,2,1
4,2,2,1
4,2,2,1
4,2,2,3
4,2,2,3
4,2,2,3
4,2,2,3
4,2,2,3
4,2,2,3
4,2,2,3
4,2,3,1
4,2,3,1
4,2,3,1
4,2,3,1
4,2,3,1
4,2,3,3
4,2,3,3
4,2,3,3
4,2,3,3
4,2,3,3
4,2,3,3
4,2,3,3
4,2,3,3
4,2,3,3
4,2,3,3
4,2,3,3
4,2,3,3
4,2,3,3
4,2,3,3
4,20,2,1
4,20,2,1
4,20,2,1
4,20,2,1
4,20,2,1
4,20,3,3
4,20,3,3
4,20,4,3
4,20,4,3
4,20,5,5
4,20,7,3
4,20,7,3
4,21,12,6
4,21,2,1
4,21,2,1
4,21,2,1
4,21,2,1
4,21,2,1
4,21,2,1
4,21,2,1
4,21,2,1
4,21,2,1
4,21,2,1
4,21,3,2
4,21,3,3
4,21,3,3
4,21,4,3
4,21,4,3
4,21,6,11
4,22,18,12
4,22,2,1
4,22,2,1
4,22,2,1
4,22,2,1
4,22,2,1
4,22,2,1
4,22,2,1
4,22,2,1
4,22,2,1
4,22,3,1
4,22,4,3
4,22,9,10
4,23,2,1
4,23,2,1
4,23,2,1
4,23,2,1
4,23,2,1
4,23,2,1
4,24,2,1
4,24,2,1
4,24,2,1
4,24,2,1
4,24,2,1
4,24,2,1
4,24,3,3
4,24,7,10
4,25,2,1
4,25,2,1
4,25,4,3
4,25,5,3
4,25,5,3
4,25,9,3
4,25,9,3
4,26,2,1
4,26,2,1
4,26,2,1
4,26,2,1
4,26,4,3
4,27,2,1
4,27,2,1
4,27,2,1
4,27,2,1
4,28,2,1
4,28,2,1
4,28,4,4
4,28,4,4
4,28,4,5
4,28,4,6
4,29,18,9
4,29,2,1
4,29,2,1
4,29,3,1
4,29,7,11
4,3,2,1
4,3,2,1
4,3,2,1
4,3,2,1
4,3,2,1
4,3,2,1
4,3,2,1
4,3,2,1
4,3,2,1
4,3,2,1
4,3,2,1
4,3,2,1
4,3,2,1
4,3,2,1
4,3,2,1
4,3,2,1
4,3,2,1
4,3,2,1
4,3,2,1
4,3,2,1
4,3,2,1
4,3,2,1
4,3,3,1
4,3,3,3
4,3,3,3
4,3,3,3
4,3,3,3
4,3,3,3
4,3,3,3
4,3,4,1
4,3,4,3
4,3,4,3
4,3,4,3
4,30,11,6
4,30,3,2
4,30,5,6
4,31,8,19
4,32,11,23
4,32,2,1
4,33,2,1
4,34,2,1
4,34,3,3
4,38,2,1
4,38,2,1
4,38,3,3
4,38,7,12
4,39,9,10
4,4,2,1
4,4,2,1
4,4,2,1
4,4,2,1
4,4,2,1
4,4,2,1
4,4,2,1
4,4,2,1
4,4,2,1
4,4,2,1
4,4,3,3
4,4,3,3
4,4,3,3
4,4,3,3
4,4,3,3
4,4,3,3
4,41,2,1
4,42,4,4
4,43,9,9
4,44,2,1
4,45,7,6
4,5,2,1
4,5,2,1
4,5,2,1
4,5,3,1
4,5,3,1
4,5,3,1
4,5,3,1
4,5,3,1
4,5,3,1
4,5,3,1
4,5,3,1
4,5,3,1
4,5,3,1
4,5,3,1
4,5,3,3
4,5,3,3
4,5,3,3
4,5,3,3
4,5,3,3
4,5,3,3
4,5,3,3
4,5,4,3
4,6,2,1
4,6,2,1
4,6,2,1
4,6,2,1
4,6,2,1
4,6,2,1
4,6,2,1
4,6,2,1
4,6,2,1
4,6,2,1
4,6,3,1
4,6,3,1
4,6,3,3
4,6,3,3
4,6,3,3
4,6,3,3
4,6,4,1
4,6,4,1
4,6,4,1
4,6,4,1
4,6,4,1
4,6,4,1
4,6,4,3
4,7,2,1
4,7,2,1
4,7,2,1
4,7,2,1
4,7,2,1
4,7,2,1
4,7,2,1
4,7,2,1
4,7,2,1
4,7,2,1
4,7,3,1
4,7,3,3
4,7,3,3
4,7,3,3
4,7,3,3
4,7,3,3
4,7,3,3
4,7,4,3
4,7,5,5
4,7,9,5
4,8,11,4
4,8,2,1
4,8,2,1
4,8,2,1
4,8,2,1
4,8,2,1
4,8,2,1
4,8,2,1
4,8,2,1
4,8,2,1
4,8,2,1
4,8,2,1
4,8,2,1
4,8,2,1
4,8,2,1
4,8,2,1
4,8,3,3
4,8,3,3
4,8,3,3
4,8,4,2
4,8,4,3
4,8,4,5
4,8,5,3
4,9,2,1
4,9,2,1
4,9,2,1
4,9,2,1
4,9,2,1
4,9,2,1
4,9,2,1
4,9,2,1
4,9,2,1
4,9,2,1
4,9,3,3
4,9,4,3
4,9,4,3
4,9,5,5
4,9,6,3
5,1,1,1
5,1,1,1
5,1,1,1
5,1,1,1
5,1,1,1
5,1,1,1
5,1,1,1
5,1,1,1
5,1,1,1
5,1,1,1
5,1,1,1
5,1,1,1
5,1,1,1
5,1,1,1
5,1,1,1
5,1,1,1
5,1,1,1
5,1,1,1
5,1,1,1
5,1,1,1
5,1,1,1
5,1,1,1
5,1,1,1
5,1,1,1
5,1,2,1
5,1,2,1
5,1,2,1
5,1,2,1
5,1,2,1
5,1,2,1
5,1,2,1
5,1,2,1
5,1,2,1
5,1,2,1
5,1,2,1
5,1,2,1
5,1,2,1
5,1,2,1
5,1,2,1
5,1,2,1
5,1,2,1
5,1,2,1
5,1,2,1
5,1,2,1
5,1,2,1
5,1,2,1
5,1,2,1
5,1,2,1
5,1,2,1
5,1,2,1
5,1,2,1
5,1,2,1
5,1,2,1
5,1,2,1
5,1,2,1
5,1,2,1
5,1,2,1
5,1,2,1
5,1,2,1
5,1,2,1
5,1,2,1
5,1,2,1
5,1,2,1
5,1,2,1
5,1,2,1
5,1,2,1
5,1,2,1
5,1,2,1
5,1,2,1
5,1,2,1
5,1,2,1
5,1,2,1
5,1,2,1
5,1,2,1
5,1,2,1
5,1,2,1
5,1,2,1
5,1,2,1
5,1,2,1
5,1,2,1
5,1,2,1
5,1,2,1
5,1,2,1
5,1,2,1
5,1,2,1
5,1,3,1
5,1,3,1
5,1,3,1
5,1,3,1
5,1,3,1
5,1,3,1
5,1,3,1
5,1,3,1
5,1,3,1
5,1,3,1
5,1,3,1
5,1,3,1
5,1,3,1
5,1,3,1
5,1,3,1
5,1,3,1
5,1,3,1
5,1,3,1
5,1,3,1
5,1,3,1
5,1,3,1
5,1,3,1
5,1,3,1
5,1,3,1
5,1,3,1
5,1,3,1
5,1,3,1
5,1,3,1
5,1,3,1
5,1,3,1
5,1,3,3
5,1,3,3
5,1,3,3
5,1,3,3
5,1,3,3
5,1,3,3
5,1,3,3
5,1,3,3
5,1,3,3
5,1,3,3
5,1,3,3
5,1,3,3
5,1,3,3
5,1,3,3
5,1,3,3
5,1,3,3
5,1,3,3
5,1,3,3
5,1,3,3
5,1,3,3
5,1,3,3
5,1,3,3
5,1,3,3
5,1,3,3
5,1,3,3
5,1,3,3
5,1,3,3
5,1,3,3
5,1,3,3
5,1,3,3
5,1,3,3
5,1,3,3
5,1,3,3
5,1,3,3
5,1,3,3
5,1,3,3
5,1,3,3
5,1,3,3
5,1,3,3
5,1,3,3
5,1,3,3
5,1,3,3
5,1,3,3
5,1,3,3
5,1,3,3
5,1,3,3
5,1,3,3
5,1,3,3
5,1,3,3
5,1,3,3
5,1,3,3
5,1,3,3
5,1,3,3
5,1,3,3
5,1,3,3
5,1,3,3
5,1,3,3
5,1,3,3
5,1,3,3
5,1,3,3
5,1,3,3
5,1,3,3
5,1,3,3
5,1,3,3
5,1,3,3
5,1,3,3
5,1,3,3
5,1,3,3
5,1,3,3
5,1,3,3
5,1,3,3
5,1,3,3
5,1,3,3
5,1,3,3
5,1,3,3
5,1,3,3
5,1,3,3
5,1,3,3
5,1,3,3
5,1,3,3
5,1,3,3
5,1,3,3
5,1,3,3
5,1,3,3
5,1,3,3
5,1,3,3
5,1,3,3
5,1,3,3
5,1,3,3
5,1,3,3
5,1,3,3
5,1,3,3
5,1,3,3
5,1,3,3
5,1,3,3
5,1,3,3
5,1,3,3
5,1,3,3
5,1,3,3
5,1,3,3
5,1,3,3
5,1,3,3
5,1,3,3
5,1,3,3
5,1,3,3
5,1,3,3
5,1,3,3
5,1,3,3
5,1,3,3
5,1,3,3
5,1,3,3
5,1,3,3
5,1,3,3
5,1,3,3
5,1,3,3
5,1,3,3
5,1,3,3
5,1,3,3
5,1,3,3
5,1,3,3
5,1,3,3
5,1,3,3
5,1,3,3
5,1,3,3
5,10,13,20
5,10,2,1
5,10,2,1
5,10,2,1
5,10,2,1
5,10,2,1
5,10,2,1
5,10,2,1
5,10,4,3
5,10,4,3
5,10,5,5
5,10,5,5
5,10,5,6
5,10,5,9
5,11,2,1
5,11,2,1
5,11,2,1
5,11,2,1
5,11,2,1
5,11,2,1
5,11,2,1
5,11,2,1
5,11,2,1
5,11,2,1
5,11,2,1
5,11,3,1
5,11,3,3
5,11,3,3
5,11,3,3
5,11,4,4
5,11,6,12
5,11,6,3
5,11,7,3
5,11,7,6
5,12,2,1
5,12,2,1
5,12,2,1
5,12,3,3
5,12,3,3
5,12,3,3
5,12,3,3
5,12,4,2
5,12,5,10
5,12,5,2
5,12,7,4
5,13,2,1
5,13,2,1
5,13,2,1
5,13,2,1
5,13,2,1
5,13,2,1
5,13,2,1
5,13,2,1
5,13,2,1
5,13,2,1
5,13,2,1
5,13,2,1
5,13,2,1
5,13,2,1
5,13,2,1
5,13,3,1
5,13,3,1
5,13,3,2
5,13,3,3
5,13,3,3
5,13,3,3
5,13,3,3
5,13,4,2
5,13,4,6
5,13,5,3
5,13,5,6
5,13,7,6
5,14,15,10
5,14,2,1
5,14,2,1
5,14,2,1
5,14,2,1
5,14,2,1
5,14,2,1
5,14,2,1
5,14,2,1
5,14,2,1
5,14,2,1
5,14,2,1
5,14,2,1
5,14,2,1
5,14,2,1
5,14,2,1
5,14,2,1
5,14,2,1
5,14,3,3
5,14,3,3
5,14,3,3
5,14,3,3
5,14,4,3
5,14,4,3
5,14,6,3
5,14,7,3
5,15,2,1
5,15,2,1
5,15,2,1
5,15,2,1
5,15,2,1
5,15,2,1
5,15,2,1
5,15,2,1
5,15,2,1
5,15,2,1
5,15,2,1
5,15,2,1
5,15,2,1
5,15,2,1
5,15,2,1
5,15,2,1
5,15,3,1
5,15,3,1
5,15,3,3
5,15,3,3
5,15,4,3
5,15,4,3
5,15,5,6
5,15,7,5
5,16,2,1
5,16,2,1
5,16,2,1
5,16,2,1
5,16,2,1
5,16,2,1
5,16,2,1
5,16,3,3
5,16,3,3
5,16,3,3
5,16,3,3
5,16,5,5
5,16,6,7
5,16,7,2
5,16,8,6
5,16,9,3
5,16,9,7
5,17,13,10
5,17,14,4
5,17,2,1
5,17,2,1
5,17,2,1
5,17,2,1
5,17,2,1
5,17,2,1
5,17,2,1
5,17,2,1
5,17,2,1
5,17,3,3
5,17,3,3
5,17,3,3
5,17,4,2
5,17,4,3
5,17,4,3
5,17,5,3
5,17,6,10
5,17,7,3
5,18,2,1
5,18,2,1
5,18,2,1
5,18,2,1
5,18,2,1
5,18,2,1
5,18,2,1
5,18,2,1
5,18,2,1
5,18,2,1
5,18,2,1
5,18,3,3
5,18,3,3
5,18,4,3
5,18,4,5
5,18,4,6
5,18,7,3
5,19,11,11
5,19,11,9
5,19,16,10
5,19,2,1
5,19,2,1
5,19,2,1
5,19,2,1
5,19,2,1
5,19,2,1
5,19,2,1
5,19,2,1
5,19,2,1
5,19,2,1
5,19,2,1
5,19,2,1
5,19,3,1
5,19,3,3
5,19,3,3
5,19,4,3
5,19,4,3
5,19,5,6
5,19,9,5
5,2,1,1
5,2,1,1
5,2,1,1
5,2,1,1
5,2,1,1
5,2,1,1
5,2,1,1
5,2,1,1
5,2,1,1
5,2,1,1
5,2,1,1
5,2,1,1
5,2,1,1
5,2,1,1
5,2,1,1
5,2,1,1
5,2,1,1
5,2,1,1
5,2,1,1
5,2,1,1
5,2,1,1
5,2,1,1
5,2,1,1
5,2,1,1
5,2,1,1
5,2,1,1
5,2,1,1
5,2,1,1
5,2,1,1
5,2,1,1
5,2,1,1
5,2,1,1
5,2,1,1
5,2,1,1
5,2,1,1
5,2,1,1
5,2,1,1
5,2,2,1
5,2,2,1
5,2,2,1
5,2,2,1
5,2,2,1
5,2,2,1
5,2,2,1
5,2,2,1
5,2,2,1
5,2,2,1
5,2,2,1
5,2,2,1
5,2,2,1
5,2,2,1
5,2,2,1
5,2,2,1
5,2,2,1
5,2,2,1
5,2,2,1
5,2,2,1
5,2,2,1
5,2,2,1
5,2,2,1
5,2,2,1
5,2,2,1
5,2,2,1
5,2,2,1
5,2,2,1
5,2,2,1
5,2,2,1
5,2,2,1
5,2,2,1
5,2,2,1
5,2,2,1
5,2,2,3
5,2,2,3
5,2,2,3
5,2,2,3
5,2,2,3
5,2,2,3
5,2,2,3
5,2,2,3
5,2,2,3
5,2,2,3
5,2,2,3
5,2,2,3
5,2,2,3
5,2,2,3
5,2,2,3
5,2,2,3
5,2,2,3
5,2,2,3
5,2,2,3
5,2,3,1
5,2,3,1
5,2,3,1
5,2,3,1
5,2,3,1
5,2,3,1
5,2,3,1
5,2,3,3
5,2,3,3
5,2,3,3
5,2,3,3
5,2,3,3
5,2,3,3
5,2,3,3
5,2,3,3
5,2,3,3
5,2,3,3
5,2,3,3
5,2,3,3
5,2,3,3
5,2,3,3
5,2,3,3
5,2,3,3
5,2,3,3
5,2,3,3
5,2,3,3
5,2,3,3
5,2,3,3
5,2,3,3
5,2,3,3
5,2,3,3
5,2,3,3
5,2,3,3
5,20,2,1
5,20,2,1
5,20,2,1
5,20,2,1
5,20,2,1
5,20,2,1
5,20,2,1
5,20,2,1
5,20,2,1
5,20,2,1
5,20,2,1
5,20,3,1
5,20,3,3
5,20,3,3
5,20,4,2
5,20,4,3
5,20,4,3
5,20,6,6
5,20,7,6
5,20,7,6
5,21,2,1
5,21,2,1
5,21,2,1
5,21,2,1
5,21,2,1
5,21,2,1
5,21,2,1
5,21,2,1
5,21,2,1
5,21,2,1
5,21,2,1
5,21,3,1
5,21,3,3
5,21,3,3
5,21,4,2
5,21,4,3
5,21,4,6
5,21,6,3
5,21,9,10
5,22,2,1
5,22,2,1
5,22,2,1
5,22,2,1
5,22,2,1
5,22,2,1
5,22,2,1
5,22,2,1
5,22,2,1
5,22,2,1
5,22,2,1
5,22,2,1
5,22,22,16
5,22,3,3
5,22,3,3
5,22,4,3
5,22,4,3
5,22,5,3
5,22,6,4
5,22,7,5
5,23,2,1
5,23,2,1
5,23,2,1
5,23,2,1
5,23,2,1
5,23,2,1
5,23,2,1
5,23,2,1
5,23,2,1
5,23,2,1
5,23,3,3
5,23,3,3
5,23,4,3
5,23,6,3
5,23,6,8
5,23,8,6
5,23,9,15
5,24,11,11
5,24,2,1
5,24,2,1
5,24,2,1
5,24,2,1
5,24,2,1
5,24,2,1
5,24,2,1
5,24,2,1
5,24,2,1
5,24,2,1
5,24,2,1
5,24,3,3
5,24,3,3
5,24,3,3
5,24,4,3
5,24,4,6
5,24,5,6
5,24,6,3
5,24,9,10
5,25,10,3
5,25,2,1
5,25,2,1
5,25,2,1
5,25,2,1
5,25,2,1
5,25,2,1
5,25,2,1
5,25,2,1
5,25,2,1
5,25,2,1
5,25,2,1
5,25,2,1
5,25,3,3
5,25,3,3
5,25,4,1
5,25,4,3
5,25,5,3
5,25,5,3
5,25,7,6
5,25,8,6
5,26,11,17
5,26,2,1
5,26,2,1
5,26,2,1
5,26,2,1
5,26,2,1
5,26,3,3
5,26,3,3
5,26,4,3
5,26,7,3
5,27,18,18
5,27,2,1
5,27,2,1
5,27,2,1
5,27,2,1
5,27,2,1
5,27,2,1
5,27,2,1
5,27,2,1
5,27,2,1
5,27,2,1
5,27,3,3
5,27,3,3
5,27,3,3
5,27,32,10
5,27,4,3
5,27,4,3
5,27,5,6
5,27,8,11
5,28,2,1
5,28,2,1
5,28,2,1
5,28,2,1
5,28,2,1
5,28,2,1
5,28,2,1
5,28,2,1
5,28,2,1
5,28,2,1
5,28,3,1
5,28,3,3
5,28,3,3
5,29,2,1
5,29,2,1
5,29,2,1
5,29,2,1
5,29,2,1
5,29,2,1
5,29,2,1
5,29,2,1
5,29,2,1
5,29,2,1
5,29,3,3
5,29,3,3
5,29,4,3
5,29,4,6
5,29,5,4
5,29,7,9
5,3,2,1
5,3,2,1
5,3,2,1
5,3,2,1
5,3,2,1
5,3,2,1
5,3,2,1
5,3,2,1
5,3,2,1
5,3,2,1
5,3,2,1
5,3,2,1
5,3,2,1
5,3,2,1
5,3,2,1
5,3,2,1
5,3,2,1
5,3,2,1
5,3,2,1
5,3,2,1
5,3,2,1
5,3,2,1
5,3,2,1
5,3,2,1
5,3,2,1
5,3,2,1
5,3,2,1
5,3,2,1
5,3,2,1
5,3,2,1
5,3,2,1
5,3,2,1
5,3,2,1
5,3,2,1
5,3,2,1
5,3,2,1
5,3,2,1
5,3,2,1
5,3,2,1
5,3,2,1
5,3,2,1
5,3,2,1
5,3,2,1
5,3,2,1
5,3,2,1
5,3,2,1
5,3,2,1
5,3,2,3
5,3,3,1
5,3,3,3
5,3,3,3
5,3,3,3
5,3,3,3
5,3,3,3
5,3,3,3
5,3,3,3
5,3,3,3
5,3,3,3
5,3,3,3
5,3,3,3
5,3,4,3
5,3,5,3
5,30,2,1
5,30,2,1
5,30,2,1
5,30,2,1
5,30,2,1
5,30,2,1
5,30,2,1
5,30,2,1
5,30,2,1
5,30,2,1
5,30,2,1
5,30,2,1
5,30,4,3
5,30,4,4
5,30,6,3
5,30,85,55
5,31,12,4
5,31,2,1
5,31,2,1
5,31,2,1
5,31,2,1
5,31,2,1
5,31,2,1
5,31,2,1
5,31,2,1
5,31,2,1
5,31,2,1
5,31,2,1
5,31,2,1
5,31,2,1
5,31,2,1
5,31,6,6
5,31,6,6
5,31,7,6
5,32,11,3
5,32,2,1
5,32,2,1
5,32,2,1
5,32,2,1
5,32,3,3
5,32,5,5
5,32,5,6
5,32,6,4
5,32,63,12
5,33,2,1
5,33,2,1
5,33,2,1
5,33,2,1
5,33,2,1
5,33,2,1
5,33,3,3
5,33,4,3
5,33,5,9
5,33,6,5
5,33,62,39
5,33,8,6
5,34,2,1
5,34,2,1
5,34,2,1
5,34,2,1
5,34,2,1
5,34,3,2
5,34,3,3
5,34,6,6
5,35,10,14
5,35,2,1
5,35,2,1
5,35,2,1
5,35,3,3
5,35,6,6
5,36,2,1
5,36,2,1
5,36,2,1
5,36,2,1
5,36,2,1
5,36,3,3
5,36,4,4
5,37,2,1
5,37,2,1
5,37,2,1
5,37,2,1
5,37,2,1
5,37,2,1
5,37,2,1
5,37,2,1
5,37,3,2
5,38,16,22
5,38,2,1
5,38,2,1
5,38,2,1
5,38,2,1
5,38,2,1
5,38,2,1
5,38,3,3
5,38,9,7
5,39,13,13
5,39,2,1
5,39,2,1
5,39,3,3
5,39,4,4
5,39,7,6
5,39,9,6
5,39,9,6
5,4,2,1
5,4,2,1
5,4,2,1
5,4,2,1
5,4,2,1
5,4,2,1
5,4,2,1
5,4,2,1
5,4,2,1
5,4,2,1
5,4,2,1
5,4,2,1
5,4,2,1
5,4,2,1
5,4,2,1
5,4,2,1
5,4,2,1
5,4,2,1
5,4,2,1
5,4,2,1
5,4,2,1
5,4,2,1
5,4,3,3
5,4,3,3
5,4,3,3
5,4,3,3
5,4,3,3
5,4,3,3
5,4,3,3
5,4,3,3
5,4,4,3
5,4,4,3
5,4,4,3
5,40,10,11
5,40,2,1
5,40,2,1
5,40,2,1
5,40,2,1
5,40,2,1
5,40,2,1
5,40,2,1
5,40,3,2
5,40,3,3
5,40,4,4
5,41,18,33
5,41,2,1
5,41,2,1
5,41,2,1
5,41,2,1
5,41,3,3
5,41,7,6
5,42,3,2
5,42,3,3
5,42,5,4
5,42,7,3
5,43,2,1
5,43,2,1
5,43,3,3
5,43,3,3
5,44,2,1
5,44,2,1
5,44,2,1
5,44,3,3
5,44,4,3
5,45,2,1
5,45,2,1
5,45,2,1
5,45,40,36
5,46,2,1
5,46,2,1
5,46,2,1
5,46,5,6
5,46,9,12
5,47,2,1
5,47,2,1
5,47,2,1
5,47,5,3
5,48,2,1
5,48,2,1
5,48,3,3
5,48,4,6
5,48,7,10
5,49,2,1
5,49,2,1
5,49,2,1
5,49,2,1
5,5,2,1
5,5,2,1
5,5,2,1
5,5,2,1
5,5,2,1
5,5,2,1
5,5,2,1
5,5,2,1
5,5,2,1
5,5,3,1
5,5,3,1
5,5,3,1
5,5,3,1
5,5,3,1
5,5,3,1
5,5,3,1
5,5,3,1
5,5,3,1
5,5,3,1
5,5,3,1
5,5,3,1
5,5,3,1
5,5,3,1
5,5,3,1
5,5,3,1
5,5,3,1
5,5,3,1
5,5,3,1
5,5,3,1
5,5,3,1
5,5,3,1
5,5,3,1
5,5,3,1
5,5,3,1
5,5,3,1
5,5,3,1
5,5,3,1
5,5,3,3
5,5,3,3
5,5,3,3
5,5,3,3
5,5,3,3
5,5,3,3
5,5,3,3
5,5,3,3
5,5,4,3
5,5,4,3
5,5,5,3
5,50,2,1
5,50,2,1
5,50,3,1
5,50,7,8
5,51,16,9
5,51,2,1
5,51,2,1
5,51,2,1
5,51,4,3
5,52,13,10
5,52,5,6
5,53,2,1
5,54,2,1
5,55,2,1
5,55,2,1
5,55,5,6
5,56,2,1
5,56,3,3
5,56,4,6
5,56,9,9
5,59,4,6
5,6,2,1
5,6,2,1
5,6,2,1
5,6,2,1
5,6,2,1
5,6,2,1
5,6,2,1
5,6,2,1
5,6,2,1
5,6,2,1
5,6,2,1
5,6,3,1
5,6,3,1
5,6,3,1
5,6,3,3
5,6,3,3
5,6,4,1
5,6,4,1
5,6,4,1
5,6,4,1
5,6,4,3
5,6,6,2
5,60,8,9
5,62,2,1
5,62,2,1
5,64,2,1
5,66,2,1
5,7,2,1
5,7,2,1
5,7,2,1
5,7,2,1
5,7,2,1
5,7,2,1
5,7,2,1
5,7,2,1
5,7,2,1
5,7,2,1
5,7,2,1
5,7,2,1
5,7,2,1
5,7,2,1
5,7,3,1
5,7,3,1
5,7,3,3
5,7,3,3
5,7,3,3
5,7,3,3
5,7,4,1
5,7,4,2
5,7,4,3
5,7,4,6
5,7,5,5
5,7,7,2
5,76,8,10
5,8,2,1
5,8,2,1
5,8,2,1
5,8,2,1
5,8,2,1
5,8,2,1
5,8,2,1
5,8,2,1
5,8,2,1
5,8,2,1
5,8,2,1
5,8,2,1
5,8,3,1
5,8,3,1
5,8,3,1
5,8,3,3
5,8,3,3
5,8,3,3
5,8,3,3
5,8,3,3
5,8,4,1
5,8,4,3
5,8,4,3
5,8,4,3
5,8,5,3
5,8,6,6
5,9,2,1
5,9,2,1
5,9,2,1
5,9,2,1
5,9,2,1
5,9,2,1
5,9,2,1
5,9,2,1
5,9,2,1
5,9,2,1
5,9,3,3
5,9,3,3
5,9,3,3
5,9,3,3
5,9,3,3
5,9,4,2
5,9,4,3
5,9,4,5
5,9,6,2
5,9,6,3
5,9,6,5
5,9,7,3
6,1,1,1
6,1,1,1
6,1,1,1
6,1,1,1
6,1,1,1
6,1,1,1
6,1,1,1
6,1,1,1
6,1,1,1
6,1,1,1
6,1,1,1
6,1,1,1
6,1,1,1
6,1,1,1
6,1,1,1
6,1,1,1
6,1,1,1
6,1,1,1
6,1,1,1
6,1,1,1
6,1,1,1
6,1,1,1
6,1,1,1
6,1,1,1
6,1,1,1
6,1,1,1
6,1,1,1
6,1,1,1
6,1,1,1
6,1,1,1
6,1,1,1
6,1,1,1
6,1,1,1
6,1,1,1
6,1,1,1
6,1,1,1
6,1,1,1
6,1,1,1
6,1,1,1
6,1,1,1
6,1,1,1
6,1,1,1
6,1,2,1
6,1,2,1
6,1,2,1
6,1,2,1
6,1,2,1
6,1,2,1
6,1,2,1
6,1,2,1
6,1,2,1
6,1,2,1
6,1,2,1
6,1,2,1
6,1,2,1
6,1,2,1
6,1,2,1
6,1,2,1
6,1,2,1
6,1,2,1
6,1,2,1
6,1,2,1
6,1,2,1
6,1,2,1
6,1,2,1
6,1,2,1
6,1,2,1
6,1,2,1
6,1,2,1
6,1,2,1
6,1,2,1
6,1,2,1
6,1,2,1
6,1,2,1
6,1,2,1
6,1,2,1
6,1,2,1
6,1,2,1
6,1,2,1
6,1,2,1
6,1,2,1
6,1,2,1
6,1,2,1
6,1,2,1
6,1,2,1
6,1,2,1
6,1,2,1
6,1,2,1
6,1,2,1
6,1,2,1
6,1,2,1
6,1,2,1
6,1,2,1
6,1,2,1
6,1,2,1
6,1,2,1
6,1,2,1
6,1,2,1
6,1,2,1
6,1,2,1
6,1,2,1
6,1,2,1
6,1,2,1
6,1,2,1
6,1,2,1
6,1,2,1
6,1,2,1
6,1,2,1
6,1,2,1
6,1,2,1
6,1,2,1
6,1,2,1
6,1,2,1
6,1,2,1
6,1,2,1
6,1,2,1
6,1,2,1
6,1,2,1
6,1,2,1
6,1,2,1
6,1,2,1
6,1,2,1
6,1,2,1
6,1,2,1
6,1,2,1
6,1,2,1
6,1,2,1
6,1,2,1
6,1,2,1
6,1,2,1
6,1,3,1
6,1,3,1
6,1,3,1
6,1,3,1
6,1,3,1
6,1,3,1
6,1,3,1
6,1,3,1
6,1,3,1
6,1,3,1
6,1,3,1
6,1,3,1
6,1,3,1
6,1,3,1
6,1,3,1
6,1,3,1
6,1,3,1
6,1,3,1
6,1,3,1
6,1,3,1
6,1,3,1
6,1,3,1
6,1,3,1
6,1,3,1
6,1,3,1
6,1,3,1
6,1,3,1
6,1,3,1
6,1,3,1
6,1,3,1
6,1,3,1
6,1,3,1
6,1,3,1
6,1,3,1
6,1,3,1
6,1,3,1
6,1,3,1
6,1,3,1
6,1,3,1
6,1,3,1
6,1,3,1
6,1,3,1
6,1,3,1
6,1,3,1
6,1,3,1
6,1,3,1
6,1,3,1
6,1,3,1
6,1,3,1
6,1,3,1
6,1,3,1
6,1,3,1
6,1,3,1
6,1,3,1
6,1,3,1
6,1,3,1
6,1,3,1
6,1,3,1
6,1,3,1
6,1,3,1
6,1,3,1
6,1,3,3
6,1,3,3
6,1,3,3
6,1,3,3
6,1,3,3
6,1,3,3
6,1,3,3
6,1,3,3
6,1,3,3
6,1,3,3
6,1,3,3
6,1,3,3
6,1,3,3
6,1,3,3
6,1,3,3
6,1,3,3
6,1,3,3
6,1,3,3
6,1,3,3
6,1,3,3
6,1,3,3
6,1,3,3
6,1,3,3
6,1,3,3
6,1,3,3
6,1,3,3
6,1,3,3
6,1,3,3
6,1,3,3
6,1,3,3
6,1,3,3
6,1,3,3
6,1,3,3
6,1,3,3
6,1,3,3
6,1,3,3
6,1,3,3
6,1,3,3
6,1,3,3
6,1,3,3
6,1,3,3
6,1,3,3
6,1,3,3
6,1,3,3
6,1,3,3
6,1,3,3
6,1,3,3
6,1,3,3
6,1,3,3
6,1,3,3
6,1,3,3
6,1,3,3
6,1,3,3
6,1,3,3
6,1,3,3
6,1,3,3
6,1,3,3
6,1,3,3
6,1,3,3
6,1,3,3
6,1,3,3
6,1,3,3
6,1,3,3
6,1,3,3
6,1,3,3
6,1,3,3
6,1,3,3
6,1,3,3
6,1,3,3
6,1,3,3
6,1,3,3
6,1,3,3
6,1,3,3
6,1,3,3
6,1,3,3
6,1,3,3
6,1,3,3
6,1,3,3
6,1,3,3
6,1,3,3
6,1,3,3
6,1,3,3
6,1,3,3
6,1,3,3
6,1,3,3
6,1,3,3
6,1,3,3
6,1,3,3
6,1,3,3
6,1,3,3
6,1,3,3
6,1,3,3
6,1,3,3
6,1,3,3
6,1,3,3
6,1,3,3
6,1,3,3
6,1,3,3
6,1,3,3
6,1,3,3
6,1,3,3
6,1,3,3
6,1,3,3
6,1,3,3
6,1,3,3
6,1,3,3
6,1,3,3
6,1,3,3
6,1,3,3
6,1,3,3
6,1,3,3
6,1,3,3
6,1,3,3
6,1,3,3
6,1,3,3
6,1,3,3
6,1,3,3
6,1,3,3
6,1,3,3
6,1,3,3
6,1,3,3
6,1,3,3
6,1,3,3
6,1,3,3
6,1,3,3
6,1,3,3
6,1,3,3
6,1,3,3
6,1,3,3
6,1,3,3
6,1,3,3
6,1,3,3
6,1,3,3
6,1,3,3
6,1,3,3
6,1,3,3
6,1,3,3
6,1,3,3
6,1,3,3
6,1,3,3
6,1,3,3
6,1,3,3
6,1,3,3
6,1,3,3
6,1,3,3
6,1,3,3
6,1,3,3
6,1,3,3
6,1,3,3
6,1,3,3
6,1,3,3
6,1,3,3
6,1,3,3
6,1,3,3
6,1,3,3
6,1,3,3
6,1,3,3
6,1,3,3
6,1,3,3
6,1,3,3
6,1,3,3
6,1,3,3
6,1,3,3
6,1,3,3
6,1,3,3
6,1,3,3
6,1,3,3
6,1,3,3
6,1,3,3
6,1,3,3
6,1,3,3
6,1,3,3
6,1,3,3
6,1,3,3
6,1,3,3
6,1,3,3
6,1,3,3
6,1,3,3
6,1,3,3
6,1,3,3
6,1,3,3
6,1,3,3
6,1,3,3
6,1,3,3
6,1,3,3
6,1,3,3
6,1,3,3
6,1,3,3
6,1,3,3
6,1,3,3
6,1,3,3
6,1,3,3
6,10,12,6
6,10,2,1
6,10,2,1
6,10,2,1
6,10,2,1
6,10,2,1
6,10,2,1
6,10,2,1
6,10,3,3
6,10,3,3
6,10,4,3
6,10,6,3
6,10,6,5
6,10,7,6
6,108,2,1
6,11,14,9
6,11,2,1
6,11,2,1
6,11,2,1
6,11,2,1
6,11,2,1
6,11,2,1
6,11,2,1
6,11,2,1
6,11,3,3
6,11,3,3
6,11,3,3
6,11,3,3
6,11,3,3
6,11,4,2
6,11,4,3
6,11,4,4
6,11,5,3
6,11,5,5
6,11,5,5
6,11,6,3
6,11,6,7
6,11,7,3
6,114,2,1
6,117,2,1
6,12,10,9
6,12,2,1
6,12,2,1
6,12,2,1
6,12,2,1
6,12,2,1
6,12,2,1
6,12,2,1
6,12,2,1
6,12,2,1
6,12,2,1
6,12,2,1
6,12,2,1
6,12,2,1
6,12,2,1
6,12,2,1
6,12,2,1
6,12,3,1
6,12,3,1
6,12,3,3
6,12,3,3
6,12,4,5
6,12,9,5
6,13,2,1
6,13,2,1
6,13,2,1
6,13,2,1
6,13,2,1
6,13,2,1
6,13,2,1
6,13,2,1
6,13,2,1
6,13,2,1
6,13,3,1
6,13,3,3
6,13,3,3
6,13,4,3
6,13,4,3
6,13,5,3
6,13,5,3
6,13,5,5
6,13,6,6
6,13,8,5
6,13,8,7
6,14,15,7
6,14,2,1
6,14,2,1
6,14,2,1
6,14,2,1
6,14,2,1
6,14,2,1
6,14,2,1
6,14,2,1
6,14,2,1
6,14,2,1
6,14,2,1
6,14,3,1
6,14,3,3
6,14,30,13
6,14,4,3
6,14,5,3
6,14,6,3
6,14,7,7
6,14,8,6
6,15,2,1
6,15,2,1
6,15,2,1
6,15,2,1
6,15,2,1
6,15,2,1
6,15,2,1
6,15,2,1
6,15,2,1
6,15,2,1
6,15,2,1
6,15,2,1
6,15,2,1
6,15,21,2
6,15,3,1
6,15,3,3
6,15,3,3
6,15,36,3
6,15,5,3
6,15,6,3
6,15,8,10
6,15,8,3
6,15,8,3
6,16,12,6
6,16,2,1
6,16,2,1
6,16,2,1
6,16,2,1
6,16,2,1
6,16,2,1
6,16,2,1
6,16,2,1
6,16,2,1
6,16,2,1
6,16,2,1
6,16,2,1
6,16,2,1
6,16,3,2
6,16,3,3
6,16,3,3
6,16,3,3
6,16,3,3
6,16,4,3
6,16,4,3
6,16,4,4
6,16,4,5
6,16,5,3
6,16,5,8
6,16,9,10
6,17,10,10
6,17,2,1
6,17,2,1
6,17,2,1
6,17,2,1
6,17,2,1
6,17,2,1
6,17,3,3
6,17,4,3
6,17,4,3
6,17,4,3
6,17,6,6
6,17,6,6
6,17,7,10
6,17,7,4
6,17,7,6
6,17,9,7
6,18,2,1
6,18,2,1
6,18,2,1
6,18,2,1
6,18,2,1
6,18,2,1
6,18,2,1
6,18,2,1
6,18,2,1
6,18,2,1
6,18,2,1
6,18,2,1
6,18,2,1
6,18,2,1
6,18,3,1
6,18,3,3
6,18,4,3
6,18,4,3
6,18,4,6
6,18,4,6
6,19,2,1
6,19,2,1
6,19,2,1
6,19,2,1
6,19,2,1
6,19,2,1
6,19,2,1
6,19,2,1
6,19,3,1
6,19,3,1
6,19,3,1
6,19,3,1
6,19,3,1
6,19,3,3
6,19,3,3
6,19,3,3
6,19,3,3
6,19,3,3
6,19,3,3
6,19,3,3
6,19,7,7
6,19,8,3
6,19,9,10
6,2,1,1
6,2,1,1
6,2,1,1
6,2,1,1
6,2,1,1
6,2,1,1
6,2,1,1
6,2,1,1
6,2,1,1
6,2,1,1
6,2,1,1
6,2,1,1
6,2,1,1
6,2,1,1
6,2,1,1
6,2,1,1
6,2,1,1
6,2,1,1
6,2,1,1
6,2,1,1
6,2,1,1
6,2,1,1
6,2,1,1
6,2,1,1
6,2,1,1
6,2,1,1
6,2,1,1
6,2,1,1
6,2,1,1
6,2,1,1
6,2,1,1
6,2,1,1
6,2,1,1
6,2,1,1
6,2,1,1
6,2,1,1
6,2,1,1
6,2,1,1
6,2,1,1
6,2,1,1
6,2,1,1
6,2,1,1
6,2,1,1
6,2,1,1
6,2,2,1
6,2,2,1
6,2,2,1
6,2,2,1
6,2,2,1
6,2,2,1
6,2,2,1
6,2,2,1
6,2,2,1
6,2,2,1
6,2,2,1
6,2,2,1
6,2,2,1
6,2,2,1
6,2,2,1
6,2,2,1
6,2,2,1
6,2,2,1
6,2,2,1
6,2,2,1
6,2,2,1
6,2,2,1
6,2,2,1
6,2,2,1
6,2,2,1
6,2,2,1
6,2,2,1
6,2,2,1
6,2,2,1
6,2,2,1
6,2,2,1
6,2,2,1
6,2,2,1
6,2,2,1
6,2,2,1
6,2,2,1
6,2,2,1
6,2,2,1
6,2,2,1
6,2,2,1
6,2,2,1
6,2,2,1
6,2,2,1
6,2,2,1
6,2,2,1
6,2,2,1
6,2,2,1
6,2,2,1
6,2,2,1
6,2,2,1
6,2,2,3
6,2,2,3
6,2,2,3
6,2,2,3
6,2,2,3
6,2,2,3
6,2,2,3
6,2,2,3
6,2,2,3
6,2,2,3
6,2,2,3
6,2,2,3
6,2,2,3
6,2,2,3
6,2,2,3
6,2,2,3
6,2,2,3
6,2,2,3
6,2,2,3
6,2,2,3
6,2,2,3
6,2,2,3
6,2,2,3
6,2,2,3
6,2,2,3
6,2,2,3
6,2,2,3
6,2,2,3
6,2,2,3
6,2,2,3
6,2,2,3
6,2,2,3
6,2,2,3
6,2,2,3
6,2,2,3
6,2,2,3
6,2,2,3
6,2,2,3
6,2,2,3
6,2,3,1
6,2,3,1
6,2,3,1
6,2,3,1
6,2,3,1
6,2,3,1
6,2,3,3
6,2,3,3
6,2,3,3
6,2,3,3
6,2,3,3
6,2,3,3
6,2,3,3
6,2,3,3
6,2,3,3
6,2,3,3
6,2,3,3
6,2,3,3
6,2,3,3
6,2,3,3
6,2,3,3
6,2,3,3
6,2,3,3
6,2,3,3
6,2,3,3
6,2,3,3
6,2,3,3
6,2,3,3
6,2,3,3
6,2,3,3
6,2,3,3
6,2,3,3
6,2,3,3
6,20,11,11
6,20,2,1
6,20,2,1
6,20,2,1
6,20,2,1
6,20,2,1
6,20,2,1
6,20,2,1
6,20,2,1
6,20,2,1
6,20,2,1
6,20,2,1
6,20,2,1
6,20,3,3
6,20,3,3
6,20,3,3
6,20,3,3
6,20,38,19
6,20,4,3
6,20,4,6
6,20,5,6
6,20,6,3
6,20,7,7
6,20,7,9
6,20,8,8
6,21,2,1
6,21,2,1
6,21,2,1
6,21,2,1
6,21,2,1
6,21,2,1
6,21,2,1
6,21,2,1
6,21,2,1
6,21,2,1
6,21,2,1
6,21,2,1
6,21,3,3
6,21,3,3
6,21,3,3
6,21,3,3
6,21,3,3
6,21,5,1
6,21,6,3
6,21,6,9
6,22,13,6
6,22,15,9
6,22,2,1
6,22,2,1
6,22,2,1
6,22,2,1
6,22,2,1
6,22,2,1
6,22,2,1
6,22,2,1
6,22,2,1
6,22,2,1
6,22,2,1
6,22,2,1
6,22,2,1
6,22,27,10
6,22,3,3
6,22,3,3
6,22,3,3
6,22,4,3
6,22,5,3
6,22,5,6
6,23,2,1
6,23,2,1
6,23,2,1
6,23,2,1
6,23,2,1
6,23,2,1
6,23,2,1
6,23,2,1
6,23,2,1
6,23,2,1
6,23,2,1
6,23,2,1
6,23,2,1
6,23,2,1
6,23,2,1
6,23,23,12
6,23,3,1
6,23,3,3
6,23,3,3
6,23,3,3
6,23,4,3
6,23,9,9
6,24,2,1
6,24,2,1
6,24,2,1
6,24,2,1
6,24,2,1
6,24,2,1
6,24,2,1
6,24,2,1
6,24,2,1
6,24,2,1
6,24,2,1
6,24,2,1
6,24,2,1
6,24,2,1
6,24,2,1
6,24,2,1
6,24,3,3
6,24,3,3
6,24,3,3
6,25,10,14
6,25,2,1
6,25,2,1
6,25,2,1
6,25,2,1
6,25,2,1
6,25,2,1
6,25,2,1
6,25,2,1
6,25,2,1
6,25,2,1
6,25,2,1
6,25,2,1
6,25,2,1
6,25,2,1
6,25,2,1
6,25,2,1
6,25,3,3
6,25,3,3
6,25,3,3
6,25,3,3
6,25,4,3
6,26,13,16
6,26,2,1
6,26,2,1
6,26,2,1
6,26,2,1
6,26,2,1
6,26,2,1
6,26,2,1
6,26,2,1
6,26,3,3
6,26,3,3
6,26,4,2
6,26,5,3
6,27,2,1
6,27,2,1
6,27,2,1
6,27,2,1
6,27,2,1
6,27,2,1
6,27,2,1
6,27,2,1
6,27,2,1
6,27,2,1
6,27,2,1
6,27,3,3
6,27,4,1
6,27,4,2
6,27,4,3
6,27,4,6
6,27,41,11
6,27,6,10
6,27,8,9
6,28,2,1
6,28,2,1
6,28,2,1
6,28,2,1
6,28,2,1
6,28,2,1
6,28,2,1
6,28,2,1
6,28,2,1
6,28,2,1
6,28,2,1
6,28,2,1
6,28,2,1
6,28,2,1
6,28,2,1
6,28,2,1
6,28,3,2
6,28,3,3
6,28,3,3
6,28,5,3
6,28,9,11
6,29,14,6
6,29,2,1
6,29,2,1
6,29,2,1
6,29,2,1
6,29,2,1
6,29,2,1
6,29,2,1
6,29,2,1
6,29,2,1
6,29,2,1
6,29,2,1
6,29,2,1
6,29,3,3
6,29,7,3
6,29,7,6
6,3,2,1
6,3,2,1
6,3,2,1
6,3,2,1
6,3,2,1
6,3,2,1
6,3,2,1
6,3,2,1
6,3,2,1
6,3,2,1
6,3,2,1
6,3,2,1
6,3,2,1
6,3,2,1
6,3,2,1
6,3,2,1
6,3,2,1
6,3,2,1
6,3,2,1
6,3,2,1
6,3,2,1
6,3,2,1
6,3,2,1
6,3,2,1
6,3,2,1
6,3,2,1
6,3,2,1
6,3,2,1
6,3,2,1
6,3,2,1
6,3,2,1
6,3,2,1
6,3,2,1
6,3,2,1
6,3,2,1
6,3,2,1
6,3,2,1
6,3,2,1
6,3,2,1
6,3,2,1
6,3,2,1
6,3,2,1
6,3,2,1
6,3,2,1
6,3,2,1
6,3,2,1
6,3,2,1
6,3,2,1
6,3,2,1
6,3,2,1
6,3,2,1
6,3,2,1
6,3,2,1
6,3,2,1
6,3,2,1
6,3,2,1
6,3,2,1
6,3,2,1
6,3,2,1
6,3,2,1
6,3,2,1
6,3,2,1
6,3,2,1
6,3,2,1
6,3,2,1
6,3,2,1
6,3,2,1
6,3,2,1
6,3,2,1
6,3,2,1
6,3,2,1
6,3,2,1
6,3,2,1
6,3,2,1
6,3,2,1
6,3,2,1
6,3,2,3
6,3,2,3
6,3,2,3
6,3,2,3
6,3,3,1
6,3,3,1
6,3,3,1
6,3,3,3
6,3,3,3
6,3,3,3
6,3,3,3
6,3,3,3
6,3,3,3
6,3,3,3
6,3,3,3
6,3,3,3
6,3,3,3
6,3,3,3
6,3,3,3
6,3,3,3
6,3,4,3
6,3,4,3
6,3,4,3
6,3,4,3
6,3,4,3
6,3,4,3
6,30,11,11
6,30,18,10
6,30,2,1
6,30,2,1
6,30,2,1
6,30,2,1
6,30,2,1
6,30,2,1
6,30,2,1
6,30,2,1
6,30,2,1
6,30,2,1
6,30,2,1
6,30,2,1
6,30,3,1
6,30,3,3
6,30,3,3
6,30,3,3
6,30,4,3
6,30,4,3
6,30,7,3
6,30,9,9
6,31,10,12
6,31,13,12
6,31,17,14
6,31,2,1
6,31,2,1
6,31,2,1
6,31,2,1
6,31,2,1
6,31,2,1
6,31,2,1
6,31,2,1
6,31,2,1
6,31,2,1
6,31,2,1
6,31,22,61
6,31,3,3
6,31,4,1
6,31,4,3
6,31,5,6
6,31,6,3
6,32,19,9
6,32,2,1
6,32,2,1
6,32,2,1
6,32,2,1
6,32,2,1
6,32,2,1
6,32,2,1
6,32,2,1
6,32,2,1
6,32,2,1
6,32,2,1
6,32,20,43
6,32,23,24
6,32,26,11
6,32,3,3
6,32,3,3
6,32,4,1
6,32,4,3
6,32,4,3
6,32,4,5
6,32,5,3
6,32,6,3
6,32,7,10
6,32,7,3
6,32,7,6
6,32,9,20
6,33,2,1
6,33,2,1
6,33,2,1
6,33,2,1
6,33,2,1
6,33,2,1
6,33,2,1
6,33,2,1
6,33,2,1
6,33,2,1
6,33,2,1
6,33,2,1
6,33,2,1
6,33,2,1
6,33,2,1
6,33,2,1
6,33,3,1
6,33,3,1
6,33,3,3
6,33,3,3
6,33,3,3
6,33,9,6
6,34,2,1
6,34,2,1
6,34,2,1
6,34,2,1
6,34,2,1
6,34,2,1
6,34,2,1
6,34,3,1
6,34,4,3
6,34,7,5
6,34,9,6
6,35,11,10
6,35,2,1
6,35,2,1
6,35,2,1
6,35,2,1
6,35,2,1
6,35,2,1
6,35,2,1
6,35,2,1
6,35,2,1
6,35,2,1
6,35,2,1
6,35,2,1
6,35,2,1
6,35,2,1
6,35,2,1
6,35,21,12
6,35,3,1
6,35,3,1
6,35,3,2
6,35,3,3
6,35,3,3
6,35,4,3
6,35,4,6
6,35,7,9
6,36,2,1
6,36,2,1
6,36,2,1
6,36,2,1
6,36,2,1
6,36,2,1
6,36,2,1
6,36,2,1
6,36,2,1
6,36,2,1
6,36,2,1
6,36,2,1
6,36,2,1
6,36,2,1
6,36,21,15
6,36,3,3
6,36,4,3
6,36,4,3
6,36,4,3
6,36,5,4
6,36,5,5
6,37,13,15
6,37,2,1
6,37,2,1
6,37,2,1
6,37,2,1
6,37,2,1
6,37,2,1
6,37,2,1
6,37,2,1
6,37,2,1
6,37,2,1
6,37,3,2
6,37,4,3
6,37,4,6
6,37,4,6
6,38,14,12
6,38,2,1
6,38,2,1
6,38,2,1
6,38,2,1
6,38,2,1
6,38,2,1
6,38,4,1
6,38,4,3
6,39,2,1
6,39,20,18
6,39,3,3
6,39,3,3
6,39,6,15
6,4,2,1
6,4,2,1
6,4,2,1
6,4,2,1
6,4,2,1
6,4,2,1
6,4,2,1
6,4,2,1
6,4,2,1
6,4,2,1
6,4,2,1
6,4,2,1
6,4,2,1
6,4,2,1
6,4,2,1
6,4,2,1
6,4,2,1
6,4,2,1
6,4,2,1
6,4,2,1
6,4,2,1
6,4,2,1
6,4,2,1
6,4,2,1
6,4,2,1
6,4,2,1
6,4,2,1
6,4,2,1
6,4,2,1
6,4,2,1
6,4,2,1
6,4,2,1
6,4,2,1
6,4,2,1
6,4,2,1
6,4,3,1
6,4,3,1
6,4,3,1
6,4,3,3
6,4,3,3
6,4,3,3
6,4,3,3
6,4,3,3
6,4,3,3
6,4,3,3
6,4,3,3
6,4,3,3
6,4,3,3
6,4,4,2
6,4,4,3
6,4,4,3
6,4,4,3
6,4,5,3
6,4,5,3
6,40,2,1
6,40,2,1
6,40,2,1
6,40,2,1
6,40,2,1
6,40,2,1
6,40,2,1
6,40,2,1
6,40,2,1
6,40,3,3
6,40,3,3
6,40,4,6
6,40,6,6
6,41,17,9
6,41,2,1
6,41,2,1
6,41,2,1
6,41,2,1
6,41,2,1
6,41,2,1
6,41,2,1
6,41,8,6
6,42,10,9
6,42,11,5
6,42,2,1
6,42,2,1
6,42,2,1
6,42,2,1
6,42,2,1
6,42,2,1
6,42,2,1
6,42,2,1
6,42,2,1
6,42,2,1
6,42,2,1
6,42,2,1
6,42,3,1
6,42,3,3
6,43,2,1
6,43,2,1
6,43,2,1
6,43,2,1
6,43,2,1
6,43,2,1
6,43,2,1
6,43,2,1
6,43,3,1
6,43,3,1
6,43,3,2
6,43,3,3
6,43,3,3
6,43,3,3
6,43,4,3
6,43,4,4
6,43,6,6
6,44,15,15
6,44,2,1
6,44,2,1
6,44,2,1
6,44,2,1
6,44,2,1
6,44,2,1
6,44,6,4
6,44,8,14
6,45,13,14
6,45,2,1
6,45,2,1
6,45,2,1
6,45,2,1
6,45,3,3
6,45,5,6
6,45,6,6
6,46,2,1
6,46,2,1
6,46,2,1
6,46,2,1
6,46,2,1
6,46,2,1
6,46,2,1
6,46,2,1
6,46,2,1
6,46,2,1
6,46,3,3
6,46,4,3
6,46,5,3
6,46,6,3
6,46,6,6
6,47,14,2
6,47,2,1
6,47,2,1
6,47,2,1
6,47,2,1
6,47,2,1
6,47,2,1
6,47,2,1
6,48,2,1
6,48,2,1
6,48,2,1
6,48,2,1
6,48,2,1
6,48,2,1
6,48,2,1
6,48,4,3
6,48,4,4
6,48,7,3
6,48,8,6
6,49,2,1
6,49,2,1
6,49,2,1
6,49,2,1
6,49,2,1
6,49,3,3
6,5,2,1
6,5,2,1
6,5,2,1
6,5,2,1
6,5,2,1
6,5,2,1
6,5,2,1
6,5,2,1
6,5,2,1
6,5,2,1
6,5,2,1
6,5,2,1
6,5,2,1
6,5,2,1
6,5,2,1
6,5,2,1
6,5,2,1
6,5,2,1
6,5,2,1
6,5,2,1
6,5,2,1
6,5,2,1
6,5,3,1
6,5,3,1
6,5,3,1
6,5,3,1
6,5,3,1
6,5,3,1
6,5,3,1
6,5,3,1
6,5,3,1
6,5,3,1
6,5,3,1
6,5,3,1
6,5,3,1
6,5,3,1
6,5,3,1
6,5,3,1
6,5,3,1
6,5,3,1
6,5,3,1
6,5,3,1
6,5,3,1
6,5,3,1
6,5,3,1
6,5,3,1
6,5,3,1
6,5,3,1
6,5,3,1
6,5,3,1
6,5,3,1
6,5,3,1
6,5,3,1
6,5,3,1
6,5,3,1
6,5,3,1
6,5,3,1
6,5,3,1
6,5,3,1
6,5,3,1
6,5,3,1
6,5,3,1
6,5,3,1
6,5,3,1
6,5,3,1
6,5,3,1
6,5,3,1
6,5,3,1
6,5,3,1
6,5,3,1
6,5,3,2
6,5,3,3
6,5,3,3
6,5,3,3
6,5,3,3
6,5,3,5
6,5,4,1
6,5,4,3
6,5,4,3
6,5,4,3
6,5,4,3
6,5,4,3
6,50,14,10
6,50,2,1
6,50,2,1
6,50,2,1
6,50,2,1
6,50,2,1
6,50,2,1
6,50,2,1
6,50,2,1
6,50,2,1
6,50,3,3
6,50,3,3
6,50,5,3
6,51,2,1
6,51,2,1
6,51,2,1
6,51,2,1
6,51,2,1
6,51,2,1
6,51,3,2
6,51,3,3
6,51,3,3
6,52,2,1
6,52,2,1
6,52,2,1
6,52,2,1
6,52,2,1
6,53,2,1
6,53,38,109
6,53,8,6
6,54,11,6
6,54,2,1
6,54,2,1
6,54,2,1
6,54,2,1
6,54,2,1
6,54,2,1
6,54,2,1
6,54,2,1
6,54,2,1
6,54,3,2
6,54,3,3
6,54,9,18
6,55,2,1
6,55,2,1
6,55,2,1
6,55,2,1
6,55,7,5
6,56,2,1
6,56,3,3
6,56,3,3
6,56,31,28
6,57,2,1
6,57,2,1
6,57,2,1
6,57,3,1
6,57,3,3
6,57,7,6
6,57,8,11
6,58,2,1
6,58,3,1
6,59,14,14
6,59,2,1
6,59,2,1
6,59,2,1
6,59,2,1
6,59,42,14
6,59,5,2
6,59,7,6
6,6,2,1
6,6,2,1
6,6,2,1
6,6,2,1
6,6,2,1
6,6,2,1
6,6,2,1
6,6,2,1
6,6,2,1
6,6,2,1
6,6,3,1
6,6,3,1
6,6,3,1
6,6,3,1
6,6,3,1
6,6,3,3
6,6,3,3
6,6,3,3
6,6,3,3
6,6,4,1
6,6,4,1
6,6,4,1
6,6,4,1
6,6,5,2
6,6,5,3
6,6,5,3
6,6,7,6
6,60,2,1
6,60,8,6
6,61,2,1
6,61,2,1
6,61,23,28
6,61,5,3
6,62,2,1
6,62,2,1
6,62,3,3
6,63,13,8
6,63,2,1
6,63,2,1
6,63,2,1
6,64,2,1
6,64,2,1
6,64,2,1
6,64,2,1
6,64,8,8
6,65,2,1
6,65,2,1
6,65,51,31
6,66,13,10
6,66,2,1
6,66,2,1
6,66,2,1
6,66,7,6
6,67,5,3
6,68,2,1
6,68,7,6
6,69,2,1
6,69,2,1
6,69,21,31
6,69,5,3
6,7,2,1
6,7,2,1
6,7,2,1
6,7,2,1
6,7,2,1
6,7,2,1
6,7,2,1
6,7,2,1
6,7,2,1
6,7,2,1
6,7,2,1
6,7,2,1
6,7,2,1
6,7,2,1
6,7,2,1
6,7,2,1
6,7,2,1
6,7,2,1
6,7,2,1
6,7,2,1
6,7,3,1
6,7,3,1
6,7,3,1
6,7,3,3
6,7,3,3
6,7,3,3
6,7,4,1
6,7,4,1
6,7,4,3
6,7,4,3
6,7,4,4
6,7,4,5
6,7,7,6
6,70,2,1
6,71,2,1
6,71,5,3
6,71,5,5
6,72,2,1
6,72,2,1
6,72,3,3
6,73,2,1
6,73,2,1
6,73,2,1
6,73,2,1
6,73,2,1
6,73,3,3
6,73,6,6
6,74,2,1
6,74,2,1
6,74,21,12
6,74,3,3
6,75,2,1
6,75,2,1
6,75,3,1
6,78,17,28
6,78,2,1
6,79,2,1
6,8,2,1
6,8,2,1
6,8,2,1
6,8,2,1
6,8,2,1
6,8,2,1
6,8,2,1
6,8,2,1
6,8,2,1
6,8,2,1
6,8,3,1
6,8,3,1
6,8,3,1
6,8,3,3
6,8,3,3
6,8,3,3
6,8,3,3
6,8,3,3
6,8,3,3
6,8,3,3
6,8,4,1
6,8,4,3
6,8,4,3
6,8,5,3
6,8,6,3
6,8,6,3
6,80,2,1
6,80,2,1
6,80,2,1
6,82,2,1
6,82,2,1
6,83,2,1
6,84,2,1
6,84,2,1
6,84,4,6
6,85,2,1
6,85,4,3
6,86,2,1
6,89,2,1
6,9,2,1
6,9,2,1
6,9,2,1
6,9,2,1
6,9,2,1
6,9,2,1
6,9,2,1
6,9,2,1
6,9,2,1
6,9,2,1
6,9,3,1
6,9,3,1
6,9,3,2
6,9,3,2
6,9,3,3
6,9,3,3
6,9,4,1
6,9,4,3
6,91,14,11
6,93,2,1
7,1,1,1
7,1,1,1
7,1,1,1
7,1,1,1
7,1,1,1
7,1,1,1
7,1,1,1
7,1,1,1
7,1,1,1
7,1,1,1
7,1,1,1
7,1,1,1
7,1,1,1
7,1,1,1
7,1,1,1
7,1,1,1
7,1,1,1
7,1,1,1
7,1,1,1
7,1,1,1
7,1,1,1
7,1,1,1
7,1,1,1
7,1,1,1
7,1,1,1
7,1,1,1
7,1,1,1
7,1,1,1
7,1,1,1
7,1,1,1
7,1,1,1
7,1,1,1
7,1,1,1
7,1,1,1
7,1,1,1
7,1,1,1
7,1,1,1
7,1,1,1
7,1,1,1
7,1,1,1
7,1,1,1
7,1,1,1
7,1,1,1
7,1,1,1
7,1,1,1
7,1,1,1
7,1,1,1
7,1,1,1
7,1,2,1
7,1,2,1
7,1,2,1
7,1,2,1
7,1,2,1
7,1,2,1
7,1,2,1
7,1,2,1
7,1,2,1
7,1,2,1
7,1,2,1
7,1,2,1
7,1,2,1
7,1,2,1
7,1,2,1
7,1,2,1
7,1,2,1
7,1,2,1
7,1,2,1
7,1,2,1
7,1,2,1
7,1,2,1
7,1,2,1
7,1,2,1
7,1,2,1
7,1,2,1
7,1,2,1
7,1,2,1
7,1,2,1
7,1,2,1
7,1,2,1
7,1,2,1
7,1,2,1
7,1,2,1
7,1,2,1
7,1,2,1
7,1,2,1
7,1,2,1
7,1,2,1
7,1,2,1
7,1,2,1
7,1,2,1
7,1,2,1
7,1,2,1
7,1,2,1
7,1,2,1
7,1,2,1
7,1,2,1
7,1,2,1
7,1,2,1
7,1,2,1
7,1,2,1
7,1,2,1
7,1,2,1
7,1,2,1
7,1,2,1
7,1,2,1
7,1,2,1
7,1,2,1
7,1,2,1
7,1,2,1
7,1,2,1
7,1,2,1
7,1,2,1
7,1,2,1
7,1,2,1
7,1,2,1
7,1,2,1
7,1,2,1
7,1,2,1
7,1,2,1
7,1,2,1
7,1,2,1
7,1,2,1
7,1,2,1
7,1,2,1
7,1,2,1
7,1,2,1
7,1,2,1
7,1,2,1
7,1,2,1
7,1,2,1
7,1,2,1
7,1,2,1
7,1,2,1
7,1,2,1
7,1,2,1
7,1,2,1
7,1,2,1
7,1,2,1
7,1,2,1
7,1,2,1
7,1,2,1
7,1,2,1
7,1,2,1
7,1,2,1
7,1,2,1
7,1,2,1
7,1,2,1
7,1,2,1
7,1,2,1
7,1,2,1
7,1,2,1
7,1,2,1
7,1,2,1
7,1,2,1
7,1,2,1
7,1,2,1
7,1,2,1
7,1,2,1
7,1,2,1
7,1,2,1
7,1,2,1
7,1,2,1
7,1,2,1
7,1,2,1
7,1,2,1
7,1,2,1
7,1,2,1
7,1,2,1
7,1,2,1
7,1,2,1
7,1,3,1
7,1,3,1
7,1,3,1
7,1,3,1
7,1,3,1
7,1,3,1
7,1,3,1
7,1,3,1
7,1,3,1
7,1,3,1
7,1,3,1
7,1,3,1
7,1,3,1
7,1,3,1
7,1,3,1
7,1,3,1
7,1,3,1
7,1,3,1
7,1,3,1
7,1,3,1
7,1,3,1
7,1,3,1
7,1,3,1
7,1,3,1
7,1,3,1
7,1,3,1
7,1,3,1
7,1,3,1
7,1,3,1
7,1,3,1
7,1,3,1
7,1,3,1
7,1,3,1
7,1,3,1
7,1,3,1
7,1,3,1
7,1,3,1
7,1,3,1
7,1,3,1
7,1,3,1
7,1,3,1
7,1,3,1
7,1,3,1
7,1,3,1
7,1,3,1
7,1,3,1
7,1,3,1
7,1,3,1
7,1,3,1
7,1,3,1
7,1,3,1
7,1,3,1
7,1,3,1
7,1,3,1
7,1,3,1
7,1,3,1
7,1,3,3
7,1,3,3
7,1,3,3
7,1,3,3
7,1,3,3
7,1,3,3
7,1,3,3
7,1,3,3
7,1,3,3
7,1,3,3
7,1,3,3
7,1,3,3
7,1,3,3
7,1,3,3
7,1,3,3
7,1,3,3
7,1,3,3
7,1,3,3
7,1,3,3
7,1,3,3
7,1,3,3
7,1,3,3
7,1,3,3
7,1,3,3
7,1,3,3
7,1,3,3
7,1,3,3
7,1,3,3
7,1,3,3
7,1,3,3
7,1,3,3
7,1,3,3
7,1,3,3
7,1,3,3
7,1,3,3
7,1,3,3
7,1,3,3
7,1,3,3
7,1,3,3
7,1,3,3
7,1,3,3
7,1,3,3
7,1,3,3
7,1,3,3
7,1,3,3
7,1,3,3
7,1,3,3
7,1,3,3
7,1,3,3
7,1,3,3
7,1,3,3
7,1,3,3
7,1,3,3
7,1,3,3
7,1,3,3
7,1,3,3
7,1,3,3
7,1,3,3
7,1,3,3
7,1,3,3
7,1,3,3
7,1,3,3
7,1,3,3
7,1,3,3
7,1,3,3
7,1,3,3
7,1,3,3
7,1,3,3
7,1,3,3
7,1,3,3
7,1,3,3
7,1,3,3
7,1,3,3
7,1,3,3
7,1,3,3
7,1,3,3
7,1,3,3
7,1,3,3
7,1,3,3
7,1,3,3
7,1,3,3
7,1,3,3
7,1,3,3
7,1,3,3
7,1,3,3
7,1,3,3
7,1,3,3
7,1,3,3
7,1,3,3
7,1,3,3
7,1,3,3
7,1,3,3
7,1,3,3
7,1,3,3
7,1,3,3
7,1,3,3
7,1,3,3
7,1,3,3
7,1,3,3
7,1,3,3
7,1,3,3
7,1,3,3
7,1,3,3
7,1,3,3
7,1,3,3
7,1,3,3
7,1,3,3
7,1,3,3
7,1,3,3
7,1,3,3
7,1,3,3
7,1,3,3
7,1,3,3
7,1,3,3
7,1,3,3
7,1,3,3
7,1,3,3
7,1,3,3
7,1,3,3
7,1,3,3
7,1,3,3
7,1,3,3
7,1,3,3
7,1,3,3
7,1,3,3
7,1,3,3
7,1,3,3
7,1,3,3
7,1,3,3
7,1,3,3
7,1,3,3
7,1,3,3
7,1,3,3
7,1,3,3
7,1,3,3
7,1,3,3
7,1,3,3
7,1,3,3
7,1,3,3
7,1,3,3
7,1,3,3
7,1,3,3
7,1,3,3
7,1,3,3
7,1,3,3
7,1,3,3
7,1,3,3
7,1,3,3
7,1,3,3
7,1,3,3
7,1,3,3
7,1,3,3
7,1,3,3
7,1,3,3
7,1,3,3
7,1,3,3
7,1,3,3
7,1,3,3
7,1,3,3
7,1,3,3
7,1,3,3
7,1,3,3
7,1,3,3
7,1,3,3
7,1,3,3
7,1,3,3
7,1,3,3
7,1,3,3
7,1,3,3
7,1,3,3
7,1,3,3
7,1,3,3
7,1,3,3
7,1,3,3
7,1,3,3
7,1,3,3
7,1,3,3
7,1,3,3
7,1,3,3
7,1,3,3
7,1,3,3
7,1,3,3
7,1,3,3
7,1,3,3
7,1,3,3
7,1,3,3
7,1,3,3
7,1,3,3
7,1,3,3
7,1,3,3
7,1,3,3
7,1,3,3
7,1,3,3
7,1,3,3
7,1,3,3
7,1,3,3
7,1,3,3
7,1,3,3
7,1,3,3
7,1,3,3
7,1,3,3
7,1,3,3
7,1,3,3
7,1,3,3
7,1,3,3
7,1,3,3
7,1,3,3
7,1,3,3
7,1,3,3
7,1,3,3
7,1,3,3
7,1,3,3
7,1,3,3
7,1,3,3
7,1,3,3
7,1,3,3
7,1,3,3
7,1,3,3
7,1,3,3
7,1,3,3
7,1,3,3
7,1,3,3
7,1,3,3
7,1,3,3
7,1,3,3
7,1,3,3
7,1,3,3
7,1,3,3
7,1,3,3
7,1,3,3
7,1,3,3
7,1,3,3
7,1,3,3
7,1,3,3
7,1,3,3
7,1,3,3
7,1,3,3
7,1,3,3
7,1,3,3
7,1,3,3
7,1,3,3
7,1,3,3
7,1,3,3
7,1,3,3
7,1,3,3
7,1,3,3
7,1,3,3
7,1,3,3
7,1,3,3
7,1,3,3
7,1,3,3
7,1,3,3
7,1,3,3
7,1,3,3
7,10,2,1
7,10,2,1
7,10,2,1
7,10,2,1
7,10,2,1
7,10,2,1
7,10,2,1
7,10,2,1
7,10,3,1
7,10,3,3
7,10,3,3
7,10,3,3
7,10,3,3
7,10,3,3
7,10,4,3
7,100,13,15
7,100,2,1
7,100,5,3
7,100,9,8
7,101,10,13
7,102,2,1
7,102,2,1
7,103,2,1
7,103,2,1
7,104,2,1
7,105,2,1
7,105,2,1
7,106,17,7
7,107,2,1
7,108,4,3
7,108,6,6
7,108,9,9
7,109,2,1
7,109,4,3
7,11,15,10
7,11,2,1
7,11,2,1
7,11,2,1
7,11,2,1
7,11,2,1
7,11,2,1
7,11,2,1
7,11,2,1
7,11,2,1
7,11,2,1
7,11,2,1
7,11,2,1
7,11,2,1
7,11,3,3
7,11,3,3
7,11,3,3
7,11,4,1
7,11,4,3
7,11,4,3
7,11,4,6
7,11,5,5
7,11,6,5
7,110,2,1
7,110,2,1
7,110,2,1
7,110,3,1
7,111,2,1
7,113,2,1
7,115,5,6
7,116,2,1
7,119,2,1
7,12,2,1
7,12,2,1
7,12,2,1
7,12,2,1
7,12,2,1
7,12,2,1
7,12,2,1
7,12,2,1
7,12,2,1
7,12,2,1
7,12,2,1
7,12,2,1
7,12,2,1
7,12,3,1
7,12,4,3
7,12,4,6
7,12,5,3
7,120,14,16
7,121,16,16
7,122,2,1
7,122,2,1
7,122,7,3
7,125,4,3
7,126,9,6
7,128,2,1
7,13,2,1
7,13,2,1
7,13,2,1
7,13,2,1
7,13,2,1
7,13,2,1
7,13,2,1
7,13,2,1
7,13,2,1
7,13,3,1
7,13,3,1
7,13,4,4
7,139,2,1
7,14,2,1
7,14,2,1
7,14,2,1
7,14,2,1
7,14,2,1
7,14,2,1
7,14,2,1
7,14,2,1
7,14,2,1
7,14,3,3
7,14,5,3
7,14,8,5
7,143,2,1
7,147,2,1
7,15,2,1
7,15,2,1
7,15,2,1
7,15,2,1
7,15,2,1
7,15,2,1
7,15,2,1
7,15,2,1
7,15,2,1
7,15,2,1
7,15,6,2
7,152,2,1
7,16,2,1
7,16,2,1
7,16,2,1
7,16,2,1
7,16,2,1
7,16,2,1
7,16,2,1
7,16,2,1
7,16,2,1
7,16,2,1
7,16,2,1
7,16,2,1
7,16,3,3
7,16,3,3
7,16,3,3
7,16,3,3
7,16,4,2
7,16,4,3
7,16,7,3
7,17,16,3
7,17,2,1
7,17,2,1
7,17,2,1
7,17,2,1
7,17,2,1
7,17,2,1
7,17,2,1
7,17,2,1
7,17,2,1
7,17,2,1
7,17,2,1
7,17,2,1
7,17,2,1
7,17,2,1
7,17,2,1
7,17,3,3
7,17,4,3
7,17,5,9
7,17,8,6
7,18,19,6
7,18,2,1
7,18,2,1
7,18,2,1
7,18,2,1
7,18,2,1
7,18,2,1
7,18,2,1
7,18,2,1
7,18,2,1
7,18,2,1
7,18,2,1
7,18,3,1
7,18,3,3
7,18,3,3
7,18,3,3
7,18,7,13
7,18,9,15
7,19,2,1
7,19,2,1
7,19,2,1
7,19,2,1
7,19,2,1
7,19,2,1
7,19,2,1
7,19,2,1
7,19,2,1
7,19,2,1
7,19,2,1
7,19,2,1
7,19,2,1
7,19,2,1
7,19,2,1
7,19,2,1
7,19,2,1
7,19,2,1
7,19,22,11
7,19,3,1
7,19,3,3
7,19,3,3
7,19,3,3
7,19,3,3
7,19,3,3
7,19,4,3
7,19,4,3
7,19,5,3
7,19,5,3
7,2,1,1
7,2,1,1
7,2,1,1
7,2,1,1
7,2,1,1
7,2,1,1
7,2,1,1
7,2,1,1
7,2,1,1
7,2,1,1
7,2,1,1
7,2,1,1
7,2,1,1
7,2,1,1
7,2,1,1
7,2,1,1
7,2,1,1
7,2,1,1
7,2,1,1
7,2,1,1
7,2,1,1
7,2,1,1
7,2,1,1
7,2,1,1
7,2,1,1
7,2,1,1
7,2,1,1
7,2,1,1
7,2,1,1
7,2,1,1
7,2,1,1
7,2,1,1
7,2,1,1
7,2,1,1
7,2,1,1
7,2,1,1
7,2,1,1
7,2,1,1
7,2,1,1
7,2,1,1
7,2,1,1
7,2,1,1
7,2,1,1
7,2,1,1
7,2,1,1
7,2,1,1
7,2,1,1
7,2,1,1
7,2,1,1
7,2,1,1
7,2,1,1
7,2,1,1
7,2,1,1
7,2,1,1
7,2,1,1
7,2,1,1
7,2,1,1
7,2,1,1
7,2,1,1
7,2,1,1
7,2,1,1
7,2,1,1
7,2,1,1
7,2,2,1
7,2,2,1
7,2,2,1
7,2,2,1
7,2,2,1
7,2,2,1
7,2,2,1
7,2,2,1
7,2,2,1
7,2,2,1
7,2,2,1
7,2,2,1
7,2,2,1
7,2,2,1
7,2,2,1
7,2,2,1
7,2,2,1
7,2,2,1
7,2,2,1
7,2,2,1
7,2,2,1
7,2,2,1
7,2,2,1
7,2,2,1
7,2,2,1
7,2,2,1
7,2,2,1
7,2,2,1
7,2,2,1
7,2,2,1
7,2,2,1
7,2,2,1
7,2,2,1
7,2,2,1
7,2,2,1
7,2,2,1
7,2,2,1
7,2,2,1
7,2,2,1
7,2,2,1
7,2,2,1
7,2,2,1
7,2,2,1
7,2,2,1
7,2,2,3
7,2,2,3
7,2,2,3
7,2,2,3
7,2,2,3
7,2,2,3
7,2,2,3
7,2,2,3
7,2,2,3
7,2,2,3
7,2,2,3
7,2,2,3
7,2,2,3
7,2,2,3
7,2,2,3
7,2,2,3
7,2,2,3
7,2,2,3
7,2,2,3
7,2,2,3
7,2,2,3
7,2,2,3
7,2,2,3
7,2,2,3
7,2,2,3
7,2,2,3
7,2,2,3
7,2,2,3
7,2,2,3
7,2,2,3
7,2,2,3
7,2,2,3
7,2,3,1
7,2,3,1
7,2,3,1
7,2,3,1
7,2,3,1
7,2,3,1
7,2,3,1
7,2,3,1
7,2,3,1
7,2,3,1
7,2,3,1
7,2,3,1
7,2,3,1
7,2,3,3
7,2,3,3
7,2,3,3
7,2,3,3
7,2,3,3
7,2,3,3
7,2,3,3
7,2,3,3
7,2,3,3
7,2,3,3
7,2,3,3
7,2,3,3
7,2,3,3
7,2,3,3
7,2,3,3
7,2,3,3
7,2,3,3
7,2,3,3
7,2,3,3
7,2,3,3
7,2,3,3
7,2,3,3
7,2,3,3
7,2,3,3
7,2,3,3
7,2,3,3
7,2,3,3
7,2,3,3
7,2,3,3
7,2,3,3
7,2,3,3
7,2,3,3
7,2,3,3
7,2,3,3
7,2,3,3
7,2,3,3
7,2,3,3
7,2,3,3
7,2,3,3
7,20,2,1
7,20,2,1
7,20,2,1
7,20,2,1
7,20,2,1
7,20,2,1
7,20,2,1
7,20,2,1
7,20,2,1
7,20,2,1
7,20,2,1
7,20,2,1
7,20,2,1
7,20,2,1
7,20,3,2
7,20,3,3
7,20,3,3
7,20,34,15
7,20,6,2
7,20,7,8
7,21,11,9
7,21,18,9
7,21,2,1
7,21,2,1
7,21,2,1
7,21,2,1
7,21,2,1
7,21,2,1
7,21,2,1
7,21,2,1
7,21,2,1
7,21,2,1
7,21,2,1
7,21,3,1
7,21,3,2
7,21,3,2
7,21,3,3
7,21,3,3
7,21,3,3
7,21,3,3
7,21,4,4
7,21,6,3
7,22,2,1
7,22,2,1
7,22,2,1
7,22,2,1
7,22,2,1
7,22,2,1
7,22,2,1
7,22,2,1
7,22,2,1
7,22,2,1
7,22,3,3
7,22,4,3
7,22,5,3
7,22,8,3
7,23,12,14
7,23,2,1
7,23,2,1
7,23,2,1
7,23,2,1
7,23,2,1
7,23,2,1
7,23,2,1
7,23,2,1
7,23,2,1
7,23,2,1
7,23,2,1
7,23,3,1
7,23,3,1
7,23,3,3
7,23,3,3
7,23,3,3
7,23,4,3
7,23,6,3
7,23,7,6
7,24,2,1
7,24,2,1
7,24,2,1
7,24,2,1
7,24,2,1
7,24,2,1
7,24,2,1
7,24,2,1
7,24,2,1
7,24,2,1
7,24,2,1
7,24,2,1
7,24,2,1
7,24,3,1
7,24,3,3
7,24,3,3
7,24,3,3
7,24,3,3
7,24,3,3
7,24,37,6
7,24,4,3
7,24,5,7
7,24,6,6
7,25,2,1
7,25,2,1
7,25,2,1
7,25,2,1
7,25,2,1
7,25,2,1
7,25,2,1
7,25,2,1
7,25,2,1
7,25,2,1
7,25,2,1
7,25,2,1
7,25,2,1
7,25,3,2
7,25,3,3
7,25,3,3
7,25,3,3
7,25,4,1
7,25,4,3
7,25,4,3
7,25,5,3
7,25,6,6
7,25,7,6
7,26,103,13
7,26,125,21
7,26,14,3
7,26,2,1
7,26,2,1
7,26,2,1
7,26,2,1
7,26,2,1
7,26,2,1
7,26,2,1
7,26,2,1
7,26,2,1
7,26,2,1
7,26,2,1
7,26,2,1
7,26,3,3
7,26,3,3
7,26,5,5
7,26,8,6
7,27,10,6
7,27,2,1
7,27,2,1
7,27,2,1
7,27,2,1
7,27,2,1
7,27,2,1
7,27,2,1
7,27,2,1
7,27,2,1
7,27,2,1
7,27,2,1
7,27,2,1
7,27,2,1
7,27,2,1
7,27,2,1
7,27,2,1
7,27,2,1
7,27,3,1
7,27,3,1
7,27,3,3
7,28,10,3
7,28,2,1
7,28,2,1
7,28,2,1
7,28,2,1
7,28,2,1
7,28,2,1
7,28,2,1
7,28,2,1
7,28,2,1
7,28,2,1
7,28,2,1
7,28,2,1
7,28,2,1
7,28,2,1
7,28,3,3
7,28,3,3
7,28,3,3
7,28,3,3
7,28,37,25
7,28,4,3
7,28,4,3
7,28,4,4
7,28,4,6
7,28,6,8
7,28,7,3
7,28,7,6
7,28,7,6
7,29,11,5
7,29,2,1
7,29,2,1
7,29,2,1
7,29,2,1
7,29,2,1
7,29,2,1
7,29,2,1
7,29,2,1
7,29,2,1
7,29,2,1
7,29,28,15
7,29,3,1
7,29,3,2
7,29,3,3
7,29,3,3
7,29,3,3
7,29,3,3
7,29,4,3
7,29,6,4
7,29,8,8
7,3,2,1
7,3,2,1
7,3,2,1
7,3,2,1
7,3,2,1
7,3,2,1
7,3,2,1
7,3,2,1
7,3,2,1
7,3,2,1
7,3,2,1
7,3,2,1
7,3,2,1
7,3,2,1
7,3,2,1
7,3,2,1
7,3,2,1
7,3,2,1
7,3,2,1
7,3,2,1
7,3,2,1
7,3,2,1
7,3,2,1
7,3,2,1
7,3,2,1
7,3,2,1
7,3,2,1
7,3,2,1
7,3,2,1
7,3,2,1
7,3,2,1
7,3,2,1
7,3,2,1
7,3,2,1
7,3,2,1
7,3,2,1
7,3,2,1
7,3,2,1
7,3,2,1
7,3,2,1
7,3,2,1
7,3,2,1
7,3,2,1
7,3,2,1
7,3,2,1
7,3,2,1
7,3,2,1
7,3,2,1
7,3,2,1
7,3,2,1
7,3,2,1
7,3,2,1
7,3,2,1
7,3,2,1
7,3,2,1
7,3,2,1
7,3,2,1
7,3,2,1
7,3,2,1
7,3,2,1
7,3,2,1
7,3,2,1
7,3,2,1
7,3,2,1
7,3,2,1
7,3,2,1
7,3,2,1
7,3,2,1
7,3,2,1
7,3,2,1
7,3,2,1
7,3,2,1
7,3,2,1
7,3,2,1
7,3,2,1
7,3,2,1
7,3,2,1
7,3,2,1
7,3,2,1
7,3,2,1
7,3,2,1
7,3,2,1
7,3,2,1
7,3,2,1
7,3,2,1
7,3,2,1
7,3,2,1
7,3,2,1
7,3,2,1
7,3,2,1
7,3,2,1
7,3,2,1
7,3,2,1
7,3,2,1
7,3,2,1
7,3,2,1
7,3,2,1
7,3,2,1
7,3,2,1
7,3,2,1
7,3,2,1
7,3,2,1
7,3,2,1
7,3,2,1
7,3,2,1
7,3,2,1
7,3,2,1
7,3,2,1
7,3,2,1
7,3,2,1
7,3,2,1
7,3,2,3
7,3,2,3
7,3,2,3
7,3,2,3
7,3,2,3
7,3,2,3
7,3,2,3
7,3,2,3
7,3,2,3
7,3,2,3
7,3,2,3
7,3,3,1
7,3,3,1
7,3,3,1
7,3,3,3
7,3,3,3
7,3,3,3
7,3,3,3
7,3,3,3
7,3,3,3
7,3,3,3
7,3,3,3
7,3,3,3
7,3,3,3
7,3,3,3
7,3,3,3
7,3,3,3
7,3,3,3
7,3,3,3
7,3,3,3
7,3,3,3
7,3,3,3
7,3,4,1
7,3,4,3
7,3,4,3
7,3,4,3
7,3,4,3
7,30,10,14
7,30,16,8
7,30,18,11
7,30,2,1
7,30,2,1
7,30,2,1
7,30,2,1
7,30,2,1
7,30,2,1
7,30,2,1
7,30,2,1
7,30,2,1
7,30,2,1
7,30,2,1
7,30,2,1
7,30,2,1
7,30,2,1
7,30,21,15
7,30,3,3
7,30,3,3
7,30,4,3
7,30,4,3
7,30,8,5
7,31,13,6
7,31,152,18
7,31,2,1
7,31,2,1
7,31,2,1
7,31,2,1
7,31,2,1
7,31,2,1
7,31,2,1
7,31,2,1
7,31,3,3
7,31,3,3
7,31,4,2
7,31,5,4
7,31,6,6
7,32,2,1
7,32,2,1
7,32,2,1
7,32,2,1
7,32,2,1
7,32,2,1
7,32,2,1
7,32,2,1
7,32,2,1
7,32,2,1
7,32,2,1
7,32,2,1
7,32,3,1
7,32,3,3
7,32,3,3
7,32,3,3
7,32,3,3
7,32,4,3
7,32,4,4
7,32,6,6
7,33,11,10
7,33,15,18
7,33,2,1
7,33,2,1
7,33,2,1
7,33,2,1
7,33,2,1
7,33,2,1
7,33,2,1
7,33,2,1
7,33,2,1
7,33,2,1
7,33,2,1
7,33,2,1
7,33,2,1
7,33,2,1
7,33,2,1
7,33,2,1
7,33,2,1
7,33,3,3
7,33,4,2
7,33,4,3
7,33,4,3
7,33,4,6
7,33,5,3
7,33,6,3
7,33,7,9
7,33,8,3
7,34,13,16
7,34,2,1
7,34,2,1
7,34,2,1
7,34,2,1
7,34,2,1
7,34,2,1
7,34,2,1
7,34,2,1
7,34,2,1
7,34,2,1
7,34,2,1
7,34,2,1
7,34,2,1
7,34,3,1
7,34,3,1
7,34,3,1
7,34,3,3
7,34,3,3
7,34,3,3
7,34,35,10
7,34,4,6
7,34,46,35
7,34,6,10
7,34,7,4
7,34,7,7
7,35,2,1
7,35,2,1
7,35,2,1
7,35,2,1
7,35,2,1
7,35,2,1
7,35,2,1
7,35,2,1
7,35,2,1
7,35,2,1
7,35,2,1
7,35,2,1
7,35,2,1
7,35,3,1
7,35,3,2
7,35,3,3
7,35,3,3
7,35,4,3
7,35,5,6
7,35,6,3
7,35,9,2
7,35,9,8
7,36,2,1
7,36,2,1
7,36,2,1
7,36,2,1
7,36,2,1
7,36,2,1
7,36,2,1
7,36,2,1
7,36,2,1
7,36,2,1
7,36,2,1
7,36,3,3
7,36,3,3
7,36,3,3
7,36,4,3
7,36,44,25
7,36,7,3
7,36,8,6
7,37,17,25
7,37,2,1
7,37,2,1
7,37,2,1
7,37,2,1
7,37,2,1
7,37,2,1
7,37,2,1
7,37,2,1
7,37,2,1
7,37,2,1
7,37,2,1
7,37,2,1
7,37,2,1
7,37,2,1
7,37,2,1
7,37,2,1
7,37,2,1
7,37,2,1
7,37,3,1
7,37,3,3
7,37,3,3
7,37,4,3
7,38,104,10
7,38,15,6
7,38,2,1
7,38,2,1
7,38,2,1
7,38,2,1
7,38,2,1
7,38,2,1
7,38,2,1
7,38,2,1
7,38,2,1
7,38,2,1
7,38,2,1
7,38,2,1
7,38,2,1
7,38,2,1
7,38,2,1
7,38,2,1
7,38,2,1
7,38,3,3
7,38,4,3
7,38,4,3
7,38,6,3
7,38,6,4
7,38,6,6
7,38,8,6
7,39,2,1
7,39,2,1
7,39,2,1
7,39,2,1
7,39,2,1
7,39,2,1
7,39,2,1
7,39,2,1
7,39,2,1
7,39,2,1
7,39,2,1
7,39,2,1
7,39,3,2
7,39,3,3
7,39,3,3
7,39,7,7
7,39,8,2
7,4,2,1
7,4,2,1
7,4,2,1
7,4,2,1
7,4,2,1
7,4,2,1
7,4,2,1
7,4,2,1
7,4,2,1
7,4,2,1
7,4,2,1
7,4,2,1
7,4,2,1
7,4,2,1
7,4,2,1
7,4,2,1
7,4,2,1
7,4,2,1
7,4,2,1
7,4,2,1
7,4,2,1
7,4,2,1
7,4,2,1
7,4,2,1
7,4,2,1
7,4,2,1
7,4,2,1
7,4,2,1
7,4,2,1
7,4,2,1
7,4,2,1
7,4,2,1
7,4,2,1
7,4,2,1
7,4,2,1
7,4,2,1
7,4,2,1
7,4,2,1
7,4,2,1
7,4,2,1
7,4,2,1
7,4,2,1
7,4,2,1
7,4,2,2
7,4,3,1
7,4,3,3
7,4,3,3
7,4,3,3
7,4,3,3
7,4,3,3
7,4,3,3
7,4,3,3
7,4,3,3
7,4,3,3
7,4,3,3
7,4,3,3
7,4,3,3
7,4,3,3
7,4,3,3
7,4,3,3
7,4,3,3
7,4,3,3
7,4,3,3
7,4,3,3
7,4,3,4
7,4,4,2
7,4,4,3
7,4,4,3
7,4,4,3
7,4,4,3
7,4,4,3
7,4,5,3
7,4,5,3
7,40,17,10
7,40,17,15
7,40,2,1
7,40,2,1
7,40,2,1
7,40,2,1
7,40,2,1
7,40,2,1
7,40,32,15
7,40,7,7
7,40,7,7
7,41,11,8
7,41,2,1
7,41,2,1
7,41,2,1
7,41,2,1
7,41,2,1
7,41,2,1
7,41,2,1
7,41,2,1
7,41,2,1
7,41,2,1
7,41,2,1
7,41,2,1
7,41,2,1
7,41,2,1
7,41,2,1
7,41,3,1
7,41,3,3
7,41,6,6
7,42,12,12
7,42,17,15
7,42,18,8
7,42,2,1
7,42,2,1
7,42,2,1
7,42,2,1
7,42,2,1
7,42,2,1
7,42,2,1
7,42,2,1
7,42,2,1
7,42,3,3
7,42,4,1
7,42,5,4
7,43,16,13
7,43,18,24
7,43,2,1
7,43,2,1
7,43,2,1
7,43,2,1
7,43,2,1
7,43,2,1
7,43,2,1
7,43,2,1
7,43,2,1
7,43,20,11
7,43,3,1
7,43,32,30
7,43,39,17
7,43,4,1
7,43,5,3
7,43,5,5
7,43,5,6
7,43,6,10
7,43,7,10
7,43,9,3
7,44,19,46
7,44,2,1
7,44,2,1
7,44,2,1
7,44,2,1
7,44,2,1
7,44,2,1
7,44,2,1
7,44,2,1
7,44,2,1
7,44,2,1
7,44,2,1
7,44,2,1
7,44,2,1
7,44,2,1
7,44,3,1
7,44,3,3
7,44,3,3
7,44,3,3
7,44,3,3
7,44,4,3
7,44,7,3
7,44,8,13
7,44,8,7
7,45,13,13
7,45,13,24
7,45,14,6
7,45,2,1
7,45,2,1
7,45,2,1
7,45,2,1
7,45,2,1
7,45,2,1
7,45,2,1
7,45,2,1
7,45,2,1
7,45,2,1
7,45,2,1
7,45,2,1
7,45,2,1
7,45,2,1
7,45,2,1
7,45,3,1
7,45,3,3
7,45,3,3
7,45,3,3
7,45,5,6
7,45,50,58
7,45,63,24
7,46,2,1
7,46,2,1
7,46,2,1
7,46,2,1
7,46,2,1
7,46,2,1
7,46,2,1
7,46,2,1
7,46,2,1
7,46,2,1
7,46,2,1
7,46,2,1
7,46,3,1
7,46,3,3
7,46,3,3
7,46,3,3
7,46,4,3
7,46,4,4
7,46,4,4
7,46,5,2
7,46,6,15
7,47,2,1
7,47,2,1
7,47,2,1
7,47,2,1
7,47,2,1
7,47,2,1
7,47,2,1
7,47,2,1
7,47,2,1
7,47,2,1
7,47,2,1
7,47,2,1
7,47,3,3
7,47,4,4
7,47,6,10
7,47,9,6
7,48,10,5
7,48,12,10
7,48,2,1
7,48,2,1
7,48,2,1
7,48,2,1
7,48,2,1
7,48,2,1
7,48,2,1
7,48,2,1
7,48,2,1
7,48,2,1
7,48,2,1
7,48,2,1
7,48,2,1
7,48,2,1
7,48,2,1
7,48,2,1
7,48,3,3
7,48,4,3
7,48,5,3
7,48,9,8
7,49,12,3
7,49,13,10
7,49,2,1
7,49,2,1
7,49,2,1
7,49,2,1
7,49,2,1
7,49,2,1
7,49,2,1
7,49,2,1
7,49,2,1
7,49,3,3
7,49,4,3
7,49,4,3
7,49,9,6
7,5,2,1
7,5,2,1
7,5,2,1
7,5,2,1
7,5,2,1
7,5,2,1
7,5,2,1
7,5,2,1
7,5,2,1
7,5,2,1
7,5,2,1
7,5,2,1
7,5,2,1
7,5,2,1
7,5,2,1
7,5,2,1
7,5,2,1
7,5,2,1
7,5,2,1
7,5,2,1
7,5,2,1
7,5,2,1
7,5,2,1
7,5,2,1
7,5,2,1
7,5,3,1
7,5,3,1
7,5,3,1
7,5,3,1
7,5,3,1
7,5,3,1
7,5,3,1
7,5,3,1
7,5,3,1
7,5,3,1
7,5,3,1
7,5,3,1
7,5,3,1
7,5,3,1
7,5,3,1
7,5,3,1
7,5,3,1
7,5,3,1
7,5,3,1
7,5,3,1
7,5,3,1
7,5,3,1
7,5,3,1
7,5,3,1
7,5,3,1
7,5,3,1
7,5,3,1
7,5,3,1
7,5,3,1
7,5,3,1
7,5,3,1
7,5,3,1
7,5,3,1
7,5,3,1
7,5,3,1
7,5,3,1
7,5,3,1
7,5,3,1
7,5,3,1
7,5,3,1
7,5,3,1
7,5,3,1
7,5,3,1
7,5,3,1
7,5,3,1
7,5,3,1
7,5,3,1
7,5,3,1
7,5,3,1
7,5,3,1
7,5,3,1
7,5,3,1
7,5,3,1
7,5,3,1
7,5,3,1
7,5,3,1
7,5,3,1
7,5,3,1
7,5,3,1
7,5,3,1
7,5,3,1
7,5,3,1
7,5,3,1
7,5,3,1
7,5,3,1
7,5,3,1
7,5,3,1
7,5,3,1
7,5,3,1
7,5,3,1
7,5,3,1
7,5,3,1
7,5,3,1
7,5,3,1
7,5,3,1
7,5,3,3
7,5,3,3
7,5,3,3
7,5,3,3
7,5,3,3
7,5,3,3
7,5,3,3
7,5,3,3
7,5,3,3
7,5,3,3
7,5,3,3
7,5,3,3
7,5,3,3
7,5,4,1
7,5,4,3
7,5,4,3
7,5,4,3
7,5,4,3
7,50,2,1
7,50,2,1
7,50,2,1
7,50,2,1
7,50,2,1
7,50,2,1
7,50,2,1
7,50,2,1
7,50,2,1
7,50,2,1
7,50,3,3
7,50,4,3
7,50,4,3
7,51,2,1
7,51,2,1
7,51,2,1
7,51,2,1
7,51,2,1
7,51,3,3
7,51,3,3
7,51,3,3
7,51,3,3
7,52,2,1
7,52,2,1
7,52,2,1
7,52,2,1
7,52,2,1
7,52,2,1
7,52,2,1
7,52,2,1
7,52,27,15
7,52,3,2
7,52,5,3
7,52,9,10
7,53,18,7
7,53,2,1
7,53,2,1
7,53,2,1
7,53,2,1
7,53,2,1
7,53,2,1
7,53,2,1
7,53,4,3
7,53,5,3
7,54,18,9
7,54,2,1
7,54,2,1
7,54,2,1
7,54,2,1
7,54,2,1
7,54,2,1
7,54,2,1
7,54,2,1
7,54,2,1
7,54,2,1
7,54,2,1
7,54,20,17
7,54,3,3
7,54,58,77
7,54,6,7
7,55,19,19
7,55,2,1
7,55,2,1
7,55,2,1
7,55,2,1
7,55,2,1
7,55,2,1
7,55,2,1
7,55,2,1
7,55,2,1
7,55,2,1
7,55,2,1
7,55,2,1
7,55,2,1
7,55,2,1
7,55,3,3
7,55,3,3
7,55,6,5
7,56,2,1
7,56,2,1
7,56,2,1
7,56,2,1
7,56,2,1
7,56,2,1
7,56,2,1
7,56,2,1
7,56,3,2
7,57,12,6
7,57,2,1
7,57,2,1
7,57,2,1
7,57,2,1
7,57,2,1
7,57,2,1
7,57,2,1
7,57,2,1
7,57,3,3
7,57,3,3
7,57,3,3
7,57,4,4
7,57,5,6
7,58,2,1
7,58,2,1
7,58,2,1
7,58,2,1
7,58,2,1
7,58,2,1
7,58,2,1
7,58,2,1
7,58,21,12
7,58,3,1
7,58,6,5
7,59,2,1
7,59,2,1
7,59,2,1
7,59,2,1
7,59,2,1
7,59,3,1
7,59,3,2
7,59,3,3
7,59,3,3
7,59,37,12
7,6,2,1
7,6,2,1
7,6,2,1
7,6,2,1
7,6,2,1
7,6,2,1
7,6,2,1
7,6,2,1
7,6,2,1
7,6,2,1
7,6,2,1
7,6,2,1
7,6,2,1
7,6,2,1
7,6,2,1
7,6,3,1
7,6,3,1
7,6,3,1
7,6,3,1
7,6,3,1
7,6,3,3
7,6,3,3
7,6,3,3
7,6,3,3
7,6,3,3
7,6,3,3
7,6,3,3
7,6,4,1
7,6,4,1
7,6,4,1
7,6,4,1
7,6,4,1
7,6,4,1
7,6,4,1
7,6,4,1
7,6,4,1
7,6,4,1
7,6,4,1
7,6,4,3
7,6,5,3
7,6,5,3
7,6,5,3
7,6,6,9
7,60,2,1
7,60,2,1
7,60,2,1
7,60,2,1
7,60,2,1
7,60,27,15
7,60,3,3
7,60,4,3
7,60,6,5
7,60,8,10
7,60,9,8
7,61,2,1
7,61,2,1
7,61,2,1
7,61,2,1
7,61,2,1
7,61,2,1
7,61,2,1
7,61,2,1
7,61,2,1
7,61,2,1
7,61,37,36
7,61,4,6
7,61,5,8
7,62,2,1
7,62,2,1
7,62,2,1
7,62,2,1
7,62,2,1
7,62,2,1
7,62,3,3
7,62,4,3
7,62,6,5
7,62,6,6
7,63,2,1
7,63,2,1
7,63,2,1
7,63,2,1
7,63,2,1
7,63,2,1
7,63,3,3
7,63,4,6
7,64,17,14
7,64,2,1
7,64,2,1
7,64,2,1
7,64,2,1
7,64,2,1
7,64,2,1
7,64,3,3
7,64,3,3
7,64,5,3
7,64,6,6
7,65,2,1
7,65,2,1
7,65,2,1
7,65,2,1
7,65,2,1
7,65,2,1
7,65,3,3
7,65,3,3
7,65,3,3
7,65,3,3
7,65,4,4
7,66,19,19
7,66,2,1
7,66,2,1
7,66,2,1
7,66,2,1
7,66,3,3
7,66,4,4
7,67,10,10
7,67,2,1
7,67,2,1
7,67,2,1
7,67,2,1
7,67,2,1
7,67,2,1
7,67,2,1
7,67,2,1
7,67,2,1
7,68,2,1
7,68,2,1
7,68,2,1
7,68,2,1
7,68,2,1
7,68,2,1
7,68,2,1
7,68,20,9
7,68,3,3
7,68,4,3
7,69,2,1
7,69,2,1
7,69,2,1
7,69,2,1
7,69,2,1
7,69,2,1
7,69,2,1
7,69,3,2
7,69,3,3
7,69,32,27
7,69,4,3
7,69,6,6
7,7,2,1
7,7,2,1
7,7,2,1
7,7,2,1
7,7,2,1
7,7,2,1
7,7,2,1
7,7,2,1
7,7,2,1
7,7,2,1
7,7,2,1
7,7,2,1
7,7,3,1
7,7,3,1
7,7,3,1
7,7,3,1
7,7,3,1
7,7,3,3
7,7,3,3
7,7,3,3
7,7,3,3
7,7,3,3
7,7,3,3
7,7,4,1
7,7,4,2
7,7,4,3
7,7,4,3
7,7,5,3
7,70,22,17
7,70,4,3
7,70,8,5
7,71,2,1
7,71,2,1
7,71,2,1
7,71,2,1
7,71,7,6
7,72,2,1
7,72,2,1
7,72,2,1
7,72,3,1
7,72,3,3
7,72,3,3
7,72,82,48
7,73,2,1
7,73,8,6
7,74,2,1
7,74,2,1
7,74,3,3
7,75,2,1
7,75,2,1
7,75,2,1
7,75,3,1
7,75,5,4
7,76,2,1
7,76,2,1
7,76,2,1
7,76,2,1
7,76,3,2
7,77,2,1
7,77,3,3
7,77,4,3
7,78,2,1
7,78,2,1
7,78,2,1
7,78,5,5
7,79,2,1
7,79,2,1
7,79,2,1
7,79,2,1
7,79,2,1
7,79,7,5
7,8,2,1
7,8,2,1
7,8,2,1
7,8,2,1
7,8,2,1
7,8,2,1
7,8,2,1
7,8,2,1
7,8,2,1
7,8,2,1
7,8,2,1
7,8,2,1
7,8,2,1
7,8,3,1
7,8,3,3
7,8,3,3
7,8,3,3
7,8,3,3
7,8,4,1
7,8,4,1
7,8,4,3
7,8,6,3
7,80,2,1
7,80,2,1
7,80,2,1
7,80,3,3
7,80,60,21
7,80,7,7
7,81,2,1
7,81,2,1
7,82,2,1
7,82,2,1
7,82,2,1
7,82,2,1
7,83,2,1
7,83,2,1
7,83,2,1
7,83,2,1
7,83,2,1
7,83,3,3
7,84,2,1
7,84,2,1
7,84,2,1
7,84,2,1
7,84,2,1
7,84,2,1
7,84,35,55
7,85,2,1
7,86,18,23
7,86,2,1
7,86,2,1
7,86,2,1
7,86,28,22
7,87,2,1
7,87,2,1
7,87,2,1
7,87,9,10
7,88,17,4
7,88,2,1
7,88,2,1
7,88,2,1
7,88,2,1
7,88,2,1
7,88,3,3
7,88,5,4
7,88,53,13
7,89,2,1
7,89,2,1
7,89,2,1
7,89,2,1
7,89,2,1
7,89,5,5
7,9,2,1
7,9,2,1
7,9,2,1
7,9,2,1
7,9,2,1
7,9,2,1
7,9,2,1
7,9,2,1
7,9,2,1
7,9,2,1
7,9,2,1
7,9,2,1
7,9,2,1
7,9,3,1
7,9,3,3
7,9,4,1
7,9,5,3
7,9,7,3
7,90,2,1
7,90,2,1
7,90,2,1
7,91,2,1
7,91,2,1
7,91,76,102
7,92,17,12
7,92,2,1
7,93,2,1
7,93,2,1
7,93,2,1
7,93,2,1
7,93,2,1
7,93,4,3
7,94,2,1
7,94,2,1
7,95,2,1
7,95,2,1
7,95,2,1
7,95,5,7
7,96,2,1
7,96,2,1
7,96,3,3
7,96,3,3
7,97,16,21
7,97,2,1
7,97,2,1
7,97,2,1
7,98,2,1
7,98,2,1
7,98,2,1
7,98,2,1
7,98,30,28
7,99,2,1
7,99,2,1
8,1,1,1
8,1,1,1
8,1,1,1
8,1,1,1
8,1,1,1
8,1,1,1
8,1,1,1
8,1,1,1
8,1,1,1
8,1,1,1
8,1,1,1
8,1,1,1
8,1,1,1
8,1,1,1
8,1,1,1
8,1,1,1
8,1,1,1
8,1,1,1
8,1,1,1
8,1,1,1
8,1,1,1
8,1,1,1
8,1,1,1
8,1,1,1
8,1,1,1
8,1,1,1
8,1,1,1
8,1,1,1
8,1,1,1
8,1,1,1
8,1,1,1
8,1,1,1
8,1,1,1
8,1,1,1
8,1,1,1
8,1,1,1
8,1,1,1
8,1,1,1
8,1,1,1
8,1,1,1
8,1,1,1
8,1,1,1
8,1,1,1
8,1,1,1
8,1,1,1
8,1,1,1
8,1,1,1
8,1,1,1
8,1,1,1
8,1,1,1
8,1,1,1
8,1,1,1
8,1,1,1
8,1,1,1
8,1,1,1
8,1,1,1
8,1,1,1
8,1,1,1
8,1,1,1
8,1,1,1
8,1,2,1
8,1,2,1
8,1,2,1
8,1,2,1
8,1,2,1
8,1,2,1
8,1,2,1
8,1,2,1
8,1,2,1
8,1,2,1
8,1,2,1
8,1,2,1
8,1,2,1
8,1,2,1
8,1,2,1
8,1,2,1
8,1,2,1
8,1,2,1
8,1,2,1
8,1,2,1
8,1,2,1
8,1,2,1
8,1,2,1
8,1,2,1
8,1,2,1
8,1,2,1
8,1,2,1
8,1,2,1
8,1,2,1
8,1,2,1
8,1,2,1
8,1,2,1
8,1,2,1
8,1,2,1
8,1,2,1
8,1,2,1
8,1,2,1
8,1,2,1
8,1,2,1
8,1,2,1
8,1,2,1
8,1,2,1
8,1,2,1
8,1,2,1
8,1,2,1
8,1,2,1
8,1,2,1
8,1,2,1
8,1,2,1
8,1,2,1
8,1,2,1
8,1,2,1
8,1,2,1
8,1,2,1
8,1,2,1
8,1,2,1
8,1,2,1
8,1,2,1
8,1,2,1
8,1,2,1
8,1,2,1
8,1,2,1
8,1,2,1
8,1,2,1
8,1,2,1
8,1,2,1
8,1,2,1
8,1,2,1
8,1,2,1
8,1,2,1
8,1,2,1
8,1,2,1
8,1,2,1
8,1,2,1
8,1,2,1
8,1,2,1
8,1,2,1
8,1,2,1
8,1,2,1
8,1,2,1
8,1,2,1
8,1,2,1
8,1,2,1
8,1,2,1
8,1,2,1
8,1,2,1
8,1,2,1
8,1,2,1
8,1,2,1
8,1,2,1
8,1,2,1
8,1,2,1
8,1,2,1
8,1,2,1
8,1,2,1
8,1,2,1
8,1,2,1
8,1,2,1
8,1,2,1
8,1,2,1
8,1,2,1
8,1,2,1
8,1,2,1
8,1,2,1
8,1,2,1
8,1,2,1
8,1,2,1
8,1,2,1
8,1,2,1
8,1,2,1
8,1,2,1
8,1,2,1
8,1,2,1
8,1,2,1
8,1,2,1
8,1,2,1
8,1,2,1
8,1,2,1
8,1,2,1
8,1,2,1
8,1,2,1
8,1,2,1
8,1,2,1
8,1,3,1
8,1,3,1
8,1,3,1
8,1,3,1
8,1,3,1
8,1,3,1
8,1,3,1
8,1,3,1
8,1,3,1
8,1,3,1
8,1,3,1
8,1,3,1
8,1,3,1
8,1,3,1
8,1,3,1
8,1,3,1
8,1,3,1
8,1,3,1
8,1,3,1
8,1,3,1
8,1,3,1
8,1,3,1
8,1,3,1
8,1,3,1
8,1,3,1
8,1,3,1
8,1,3,1
8,1,3,1
8,1,3,1
8,1,3,1
8,1,3,1
8,1,3,1
8,1,3,1
8,1,3,1
8,1,3,1
8,1,3,1
8,1,3,1
8,1,3,1
8,1,3,1
8,1,3,1
8,1,3,1
8,1,3,1
8,1,3,1
8,1,3,1
8,1,3,1
8,1,3,1
8,1,3,1
8,1,3,1
8,1,3,1
8,1,3,1
8,1,3,1
8,1,3,1
8,1,3,1
8,1,3,1
8,1,3,1
8,1,3,1
8,1,3,1
8,1,3,3
8,1,3,3
8,1,3,3
8,1,3,3
8,1,3,3
8,1,3,3
8,1,3,3
8,1,3,3
8,1,3,3
8,1,3,3
8,1,3,3
8,1,3,3
8,1,3,3
8,1,3,3
8,1,3,3
8,1,3,3
8,1,3,3
8,1,3,3
8,1,3,3
8,1,3,3
8,1,3,3
8,1,3,3
8,1,3,3
8,1,3,3
8,1,3,3
8,1,3,3
8,1,3,3
8,1,3,3
8,1,3,3
8,1,3,3
8,1,3,3
8,1,3,3
8,1,3,3
8,1,3,3
8,1,3,3
8,1,3,3
8,1,3,3
8,1,3,3
8,1,3,3
8,1,3,3
8,1,3,3
8,1,3,3
8,1,3,3
8,1,3,3
8,1,3,3
8,1,3,3
8,1,3,3
8,1,3,3
8,1,3,3
8,1,3,3
8,1,3,3
8,1,3,3
8,1,3,3
8,1,3,3
8,1,3,3
8,1,3,3
8,1,3,3
8,1,3,3
8,1,3,3
8,1,3,3
8,1,3,3
8,1,3,3
8,1,3,3
8,1,3,3
8,1,3,3
8,1,3,3
8,1,3,3
8,1,3,3
8,1,3,3
8,1,3,3
8,1,3,3
8,1,3,3
8,1,3,3
8,1,3,3
8,1,3,3
8,1,3,3
8,1,3,3
8,1,3,3
8,1,3,3
8,1,3,3
8,1,3,3
8,1,3,3
8,1,3,3
8,1,3,3
8,1,3,3
8,1,3,3
8,1,3,3
8,1,3,3
8,1,3,3
8,1,3,3
8,1,3,3
8,1,3,3
8,1,3,3
8,1,3,3
8,1,3,3
8,1,3,3
8,1,3,3
8,1,3,3
8,1,3,3
8,1,3,3
8,1,3,3
8,1,3,3
8,1,3,3
8,1,3,3
8,1,3,3
8,1,3,3
8,1,3,3
8,1,3,3
8,1,3,3
8,1,3,3
8,1,3,3
8,1,3,3
8,1,3,3
8,1,3,3
8,1,3,3
8,1,3,3
8,1,3,3
8,1,3,3
8,1,3,3
8,1,3,3
8,1,3,3
8,1,3,3
8,1,3,3
8,1,3,3
8,1,3,3
8,1,3,3
8,1,3,3
8,1,3,3
8,1,3,3
8,1,3,3
8,1,3,3
8,1,3,3
8,1,3,3
8,1,3,3
8,1,3,3
8,1,3,3
8,1,3,3
8,1,3,3
8,1,3,3
8,1,3,3
8,1,3,3
8,1,3,3
8,1,3,3
8,1,3,3
8,1,3,3
8,1,3,3
8,1,3,3
8,1,3,3
8,1,3,3
8,1,3,3
8,1,3,3
8,1,3,3
8,1,3,3
8,1,3,3
8,1,3,3
8,1,3,3
8,1,3,3
8,1,3,3
8,1,3,3
8,1,3,3
8,1,3,3
8,1,3,3
8,1,3,3
8,1,3,3
8,1,3,3
8,1,3,3
8,1,3,3
8,1,3,3
8,1,3,3
8,1,3,3
8,1,3,3
8,1,3,3
8,1,3,3
8,1,3,3
8,1,3,3
8,1,3,3
8,1,3,3
8,1,3,3
8,1,3,3
8,1,3,3
8,1,3,3
8,1,3,3
8,1,3,3
8,1,3,3
8,1,3,3
8,1,3,3
8,1,3,3
8,1,3,3
8,1,3,3
8,1,3,3
8,1,3,3
8,1,3,3
8,1,3,3
8,1,3,3
8,1,3,3
8,1,3,3
8,1,3,3
8,1,3,3
8,1,3,3
8,1,3,3
8,1,3,3
8,1,3,3
8,1,3,3
8,1,3,3
8,1,3,3
8,1,3,3
8,1,3,3
8,1,3,3
8,1,3,3
8,1,3,3
8,1,3,3
8,1,3,3
8,1,3,3
8,1,3,3
8,1,3,3
8,1,3,3
8,1,3,3
8,1,3,3
8,1,3,3
8,1,3,3
8,1,3,3
8,1,3,3
8,1,3,3
8,1,3,3
8,1,3,3
8,1,3,3
8,1,3,3
8,1,3,3
8,1,3,3
8,1,3,3
8,1,3,3
8,1,3,3
8,1,3,3
8,1,3,3
8,1,3,3
8,1,3,3
8,1,3,3
8,1,3,3
8,1,3,3
8,1,3,3
8,1,3,3
8,1,3,3
8,1,3,3
8,1,3,3
8,1,3,3
8,1,3,3
8,1,3,3
8,1,3,3
8,1,3,3
8,1,3,3
8,1,3,3
8,10,2,1
8,10,2,1
8,10,2,1
8,10,2,1
8,10,2,1
8,10,2,1
8,10,2,1
8,10,2,1
8,10,2,1
8,10,2,1
8,10,2,1
8,10,3,1
8,10,3,3
8,10,3,3
8,10,4,1
8,10,4,2
8,10,5,3
8,100,2,1
8,100,2,1
8,100,2,1
8,100,2,1
8,101,2,1
8,101,2,1
8,101,2,1
8,101,2,1
8,101,2,1
8,101,2,1
8,101,3,3
8,101,3,3
8,101,5,3
8,102,2,1
8,102,3,3
8,103,12,10
8,103,2,1
8,103,2,1
8,103,2,1
8,103,30,28
8,103,33,26
8,103,5,6
8,104,11,12
8,104,2,1
8,105,2,1
8,105,2,1
8,105,8,7
8,106,2,1
8,106,2,1
8,106,2,1
8,106,2,1
8,106,5,2
8,107,2,1
8,107,2,1
8,108,11,5
8,108,2,1
8,108,2,1
8,108,5,3
8,109,2,1
8,109,2,1
8,109,2,1
8,109,6,6
8,11,11,6
8,11,2,1
8,11,2,1
8,11,2,1
8,11,2,1
8,11,2,1
8,11,2,1
8,11,2,1
8,11,2,1
8,11,2,1
8,11,3,3
8,11,3,3
8,11,4,3
8,11,4,3
8,11,5,3
8,11,7,3
8,110,5,3
8,110,62,30
8,111,2,1
8,111,2,1
8,111,2,1
8,112,2,1
8,112,2,1
8,112,2,1
8,112,3,3
8,113,2,1
8,113,3,3
8,113,4,1
8,113,5,5
8,113,6,5
8,114,2,1
8,114,6,6
8,115,2,1
8,115,2,1
8,116,19,17
8,116,2,1
8,116,2,1
8,116,2,1
8,117,2,1
8,117,2,1
8,117,3,3
8,117,35,29
8,117,4,1
8,117,7,3
8,118,2,1
8,118,2,1
8,119,12,25
8,119,2,1
8,119,2,1
8,119,5,6
8,12,2,1
8,12,2,1
8,12,2,1
8,12,2,1
8,12,2,1
8,12,2,1
8,12,4,1
8,12,4,3
8,12,4,3
8,12,7,3
8,120,2,1
8,120,2,1
8,120,2,1
8,120,2,1
8,120,3,3
8,120,44,39
8,120,64,20
8,120,9,10
8,121,2,1
8,121,2,1
8,122,2,1
8,122,2,1
8,122,4,4
8,123,13,28
8,123,2,1
8,123,2,1
8,123,9,4
8,124,10,5
8,124,2,1
8,125,2,1
8,125,2,1
8,125,2,1
8,125,28,25
8,126,2,1
8,127,36,36
8,128,2,1
8,128,23,19
8,128,4,1
8,129,2,1
8,129,2,1
8,129,4,3
8,129,8,3
8,13,11,2
8,13,2,1
8,13,2,1
8,13,2,1
8,13,2,1
8,13,2,1
8,13,2,1
8,13,3,1
8,130,23,15
8,131,2,1
8,132,2,1
8,132,2,1
8,132,40,30
8,133,55,15
8,134,2,1
8,134,2,1
8,134,2,1
8,136,2,1
8,136,53,18
8,136,6,11
8,137,2,1
8,137,2,1
8,138,2,1
8,139,2,1
8,14,2,1
8,14,2,1
8,14,2,1
8,14,2,1
8,14,2,1
8,14,2,1
8,14,2,1
8,14,2,1
8,14,2,1
8,14,2,1
8,14,2,1
8,14,2,1
8,14,23,9
8,14,3,1
8,14,3,3
8,14,3,3
8,14,5,3
8,140,2,1
8,142,2,1
8,142,3,3
8,143,2,1
8,143,244,35
8,146,2,1
8,147,2,1
8,147,2,1
8,147,2,1
8,148,2,1
8,15,2,1
8,15,2,1
8,15,2,1
8,15,2,1
8,15,2,1
8,15,2,1
8,15,3,1
8,15,3,3
8,15,3,3
8,15,4,3
8,15,4,3
8,155,2,1
8,157,4,4
8,159,2,1
8,16,2,1
8,16,2,1
8,16,2,1
8,16,2,1
8,16,2,1
8,16,2,1
8,16,2,1
8,16,2,1
8,16,3,3
8,16,3,3
8,16,3,3
8,16,4,1
8,16,4,3
8,16,4,4
8,16,7,3
8,162,2,1
8,163,4,4
8,165,2,1
8,167,2,1
8,168,2,1
8,169,69,55
8,17,2,1
8,17,2,1
8,17,2,1
8,17,2,1
8,17,2,1
8,17,2,1
8,17,2,1
8,17,2,1
8,17,2,1
8,17,3,1
8,17,3,3
8,17,3,3
8,17,4,4
8,170,2,1
8,175,12,7
8,18,2,1
8,18,2,1
8,18,2,1
8,18,2,1
8,18,2,1
8,18,2,1
8,18,3,1
8,18,3,3
8,18,3,3
8,18,3,3
8,18,3,3
8,18,3,3
8,18,4,3
8,182,2,1
8,19,2,1
8,19,2,1
8,19,2,1
8,19,2,1
8,19,2,1
8,19,24,10
8,19,27,16
8,19,3,1
8,19,3,3
8,190,2,1
8,191,2,1
8,2,1,1
8,2,1,1
8,2,1,1
8,2,1,1
8,2,1,1
8,2,1,1
8,2,1,1
8,2,1,1
8,2,1,1
8,2,1,1
8,2,1,1
8,2,1,1
8,2,1,1
8,2,1,1
8,2,1,1
8,2,1,1
8,2,1,1
8,2,1,1
8,2,1,1
8,2,1,1
8,2,1,1
8,2,1,1
8,2,1,1
8,2,1,1
8,2,1,1
8,2,1,1
8,2,1,1
8,2,1,1
8,2,1,1
8,2,1,1
8,2,1,1
8,2,1,1
8,2,1,1
8,2,1,1
8,2,1,1
8,2,1,1
8,2,1,1
8,2,1,1
8,2,1,1
8,2,1,1
8,2,1,1
8,2,1,1
8,2,1,1
8,2,1,1
8,2,1,1
8,2,1,1
8,2,1,1
8,2,1,1
8,2,1,1
8,2,1,1
8,2,1,1
8,2,1,1
8,2,1,1
8,2,1,1
8,2,1,1
8,2,1,1
8,2,1,1
8,2,1,1
8,2,1,1
8,2,1,1
8,2,1,1
8,2,2,1
8,2,2,1
8,2,2,1
8,2,2,1
8,2,2,1
8,2,2,1
8,2,2,1
8,2,2,1
8,2,2,1
8,2,2,1
8,2,2,1
8,2,2,1
8,2,2,1
8,2,2,1
8,2,2,1
8,2,2,1
8,2,2,1
8,2,2,1
8,2,2,1
8,2,2,1
8,2,2,1
8,2,2,1
8,2,2,1
8,2,2,1
8,2,2,1
8,2,2,1
8,2,2,1
8,2,2,1
8,2,2,1
8,2,2,1
8,2,2,1
8,2,2,1
8,2,2,1
8,2,2,1
8,2,2,1
8,2,2,1
8,2,2,1
8,2,2,1
8,2,2,1
8,2,2,1
8,2,2,1
8,2,2,1
8,2,2,1
8,2,2,1
8,2,2,1
8,2,2,3
8,2,2,3
8,2,2,3
8,2,2,3
8,2,2,3
8,2,2,3
8,2,2,3
8,2,2,3
8,2,2,3
8,2,2,3
8,2,2,3
8,2,2,3
8,2,2,3
8,2,2,3
8,2,2,3
8,2,2,3
8,2,2,3
8,2,2,3
8,2,2,3
8,2,2,3
8,2,2,3
8,2,2,3
8,2,2,3
8,2,2,3
8,2,2,3
8,2,2,3
8,2,2,3
8,2,2,3
8,2,2,3
8,2,2,3
8,2,2,3
8,2,2,3
8,2,3,1
8,2,3,1
8,2,3,1
8,2,3,1
8,2,3,1
8,2,3,1
8,2,3,1
8,2,3,3
8,2,3,3
8,2,3,3
8,2,3,3
8,2,3,3
8,2,3,3
8,2,3,3
8,2,3,3
8,2,3,3
8,2,3,3
8,2,3,3
8,2,3,3
8,2,3,3
8,2,3,3
8,2,3,3
8,2,3,3
8,2,3,3
8,2,3,3
8,2,3,3
8,2,3,3
8,2,3,3
8,2,3,3
8,2,3,3
8,2,3,3
8,2,3,3
8,2,3,3
8,2,3,3
8,2,3,3
8,2,3,3
8,20,10,6
8,20,2,1
8,20,2,1
8,20,2,1
8,20,2,1
8,20,2,1
8,20,2,1
8,20,3,1
8,20,3,3
8,20,3,3
8,20,4,6
8,20,6,2
8,21,10,6
8,21,12,13
8,21,2,1
8,21,2,1
8,21,2,1
8,21,2,1
8,21,2,1
8,21,2,1
8,21,2,1
8,21,2,1
8,21,3,3
8,21,3,3
8,21,5,3
8,21,5,3
8,22,2,1
8,22,2,1
8,22,2,1
8,22,2,1
8,22,2,1
8,22,2,1
8,22,2,1
8,22,3,3
8,22,3,3
8,22,5,7
8,22,7,3
8,22,9,3
8,23,2,1
8,23,2,1
8,23,2,1
8,23,2,1
8,23,3,1
8,23,3,3
8,23,3,3
8,23,4,1
8,23,4,1
8,230,2,1
8,24,11,6
8,24,12,8
8,24,2,1
8,24,2,1
8,24,2,1
8,24,2,1
8,24,2,1
8,24,2,1
8,24,2,1
8,24,3,3
8,24,4,2
8,24,4,6
8,24,7,3
8,25,2,1
8,25,2,1
8,25,2,1
8,25,2,1
8,25,2,1
8,25,2,1
8,25,2,1
8,25,2,1
8,25,2,1
8,25,3,3
8,25,3,3
8,25,3,3
8,25,3,3
8,25,3,3
8,25,4,3
8,25,5,6
8,25,6,3
8,26,10,6
8,26,11,22
8,26,2,1
8,26,2,1
8,26,2,1
8,26,2,1
8,26,2,1
8,26,2,1
8,26,2,1
8,26,2,1
8,26,2,1
8,26,3,1
8,26,3,1
8,26,3,3
8,26,3,3
8,26,3,3
8,26,4,3
8,26,4,3
8,26,5,3
8,27,2,1
8,27,2,1
8,27,2,1
8,27,2,1
8,27,2,1
8,27,2,1
8,27,2,1
8,27,3,1
8,27,5,6
8,28,12,15
8,28,2,1
8,28,2,1
8,28,2,1
8,28,2,1
8,28,2,1
8,28,4,2
8,28,5,3
8,29,10,6
8,29,2,1
8,29,2,1
8,29,2,1
8,29,2,1
8,29,2,1
8,29,2,1
8,29,2,1
8,29,2,1
8,29,2,1
8,29,5,6
8,29,7,9
8,3,2,1
8,3,2,1
8,3,2,1
8,3,2,1
8,3,2,1
8,3,2,1
8,3,2,1
8,3,2,1
8,3,2,1
8,3,2,1
8,3,2,1
8,3,2,1
8,3,2,1
8,3,2,1
8,3,2,1
8,3,2,1
8,3,2,1
8,3,2,1
8,3,2,1
8,3,2,1
8,3,2,1
8,3,2,1
8,3,2,1
8,3,2,1
8,3,2,1
8,3,2,1
8,3,2,1
8,3,2,1
8,3,2,1
8,3,2,1
8,3,2,1
8,3,2,1
8,3,2,1
8,3,2,1
8,3,2,1
8,3,2,1
8,3,2,1
8,3,2,1
8,3,2,1
8,3,2,1
8,3,2,1
8,3,2,1
8,3,2,1
8,3,2,1
8,3,2,1
8,3,2,1
8,3,2,1
8,3,2,1
8,3,2,1
8,3,2,1
8,3,2,1
8,3,2,1
8,3,2,1
8,3,2,1
8,3,2,1
8,3,2,1
8,3,2,1
8,3,2,1
8,3,2,1
8,3,2,1
8,3,2,1
8,3,2,1
8,3,2,1
8,3,2,1
8,3,2,1
8,3,2,1
8,3,2,1
8,3,2,1
8,3,2,1
8,3,2,1
8,3,2,1
8,3,2,1
8,3,2,1
8,3,2,1
8,3,2,1
8,3,2,1
8,3,2,1
8,3,2,1
8,3,2,1
8,3,2,1
8,3,2,1
8,3,2,1
8,3,2,1
8,3,2,1
8,3,2,1
8,3,2,1
8,3,2,1
8,3,2,1
8,3,2,1
8,3,2,1
8,3,2,1
8,3,2,1
8,3,2,1
8,3,2,1
8,3,2,1
8,3,2,1
8,3,2,1
8,3,2,1
8,3,2,1
8,3,2,1
8,3,2,1
8,3,2,1
8,3,2,1
8,3,2,1
8,3,2,1
8,3,2,1
8,3,2,1
8,3,2,1
8,3,2,3
8,3,2,3
8,3,2,3
8,3,2,3
8,3,2,3
8,3,3,1
8,3,3,1
8,3,3,1
8,3,3,3
8,3,3,3
8,3,3,3
8,3,3,3
8,3,3,3
8,3,3,3
8,3,3,3
8,3,3,3
8,3,3,3
8,3,3,3
8,3,3,3
8,3,3,3
8,3,3,3
8,3,3,3
8,3,4,1
8,3,4,3
8,3,4,3
8,3,4,3
8,3,4,3
8,3,4,3
8,3,4,3
8,3,4,3
8,3,4,3
8,3,4,3
8,3,4,3
8,3,4,3
8,30,14,10
8,30,2,1
8,30,2,1
8,30,2,1
8,30,2,1
8,30,2,1
8,30,2,1
8,30,2,1
8,30,2,1
8,30,2,1
8,30,2,1
8,30,2,1
8,30,2,1
8,30,2,1
8,30,2,1
8,30,2,1
8,30,4,2
8,30,4,6
8,30,6,4
8,30,73,18
8,30,8,13
8,31,2,1
8,31,2,1
8,31,2,1
8,31,2,1
8,31,2,1
8,31,20,10
8,31,3,1
8,31,3,1
8,31,3,3
8,31,3,3
8,31,3,3
8,31,4,2
8,31,4,3
8,31,43,5
8,31,5,3
8,31,6,3
8,32,2,1
8,32,2,1
8,32,2,1
8,32,2,1
8,32,2,1
8,32,3,1
8,32,3,3
8,32,3,3
8,32,3,3
8,32,4,3
8,32,4,3
8,32,4,3
8,32,6,3
8,33,12,4
8,33,2,1
8,33,2,1
8,33,2,1
8,33,2,1
8,33,2,1
8,33,2,1
8,33,2,1
8,33,2,1
8,33,3,3
8,33,3,3
8,33,3,3
8,33,3,3
8,33,4,3
8,33,6,5
8,33,7,6
8,33,9,3
8,34,2,1
8,34,2,1
8,34,2,1
8,34,2,1
8,34,2,1
8,34,2,1
8,34,2,1
8,34,2,1
8,34,3,1
8,34,3,3
8,34,4,1
8,34,4,2
8,34,4,3
8,35,2,1
8,35,2,1
8,35,2,1
8,35,2,1
8,35,2,1
8,35,2,1
8,35,2,1
8,35,3,1
8,35,38,46
8,35,4,3
8,35,4,3
8,35,5,6
8,36,17,10
8,36,2,1
8,36,2,1
8,36,2,1
8,36,2,1
8,36,2,1
8,36,2,1
8,36,2,1
8,36,2,1
8,36,2,1
8,36,2,1
8,36,2,1
8,36,2,1
8,36,2,1
8,36,21,4
8,36,28,21
8,36,3,1
8,36,3,1
8,36,3,3
8,36,4,3
8,36,4,4
8,36,4,6
8,36,6,6
8,37,11,6
8,37,2,1
8,37,2,1
8,37,2,1
8,37,2,1
8,37,2,1
8,37,2,1
8,37,2,1
8,37,2,1
8,37,2,1
8,37,3,2
8,37,3,3
8,37,3,3
8,37,3,3
8,37,58,50
8,37,8,6
8,37,9,10
8,38,131,28
8,38,18,12
8,38,2,1
8,38,2,1
8,38,2,1
8,38,2,1
8,38,2,1
8,38,2,1
8,38,2,1
8,38,2,1
8,38,4,3
8,39,2,1
8,39,2,1
8,39,2,1
8,39,2,1
8,39,2,1
8,39,2,1
8,39,2,1
8,39,2,1
8,39,3,1
8,39,3,3
8,39,3,3
8,39,6,7
8,4,2,1
8,4,2,1
8,4,2,1
8,4,2,1
8,4,2,1
8,4,2,1
8,4,2,1
8,4,2,1
8,4,2,1
8,4,2,1
8,4,2,1
8,4,2,1
8,4,2,1
8,4,2,1
8,4,2,1
8,4,2,1
8,4,2,1
8,4,2,1
8,4,2,1
8,4,2,1
8,4,2,1
8,4,2,1
8,4,2,1
8,4,2,1
8,4,2,1
8,4,2,1
8,4,2,1
8,4,2,1
8,4,2,1
8,4,2,1
8,4,2,1
8,4,2,1
8,4,2,1
8,4,2,1
8,4,2,1
8,4,2,1
8,4,2,1
8,4,2,1
8,4,2,1
8,4,2,1
8,4,2,1
8,4,2,1
8,4,2,1
8,4,2,1
8,4,2,1
8,4,2,1
8,4,2,1
8,4,2,1
8,4,2,1
8,4,2,1
8,4,2,1
8,4,2,1
8,4,2,2
8,4,3,1
8,4,3,1
8,4,3,1
8,4,3,3
8,4,3,3
8,4,3,3
8,4,3,3
8,4,3,3
8,4,3,3
8,4,3,3
8,4,3,3
8,4,3,3
8,4,3,3
8,4,3,3
8,4,3,3
8,4,3,3
8,4,3,3
8,4,3,3
8,4,3,3
8,4,3,3
8,4,3,4
8,4,4,1
8,4,4,1
8,4,4,1
8,4,4,1
8,4,4,3
8,4,4,3
8,4,4,6
8,40,2,1
8,40,2,1
8,40,2,1
8,40,2,1
8,40,2,1
8,40,2,1
8,40,2,1
8,40,2,1
8,40,2,1
8,40,3,3
8,40,3,3
8,40,3,3
8,41,12,6
8,41,17,3
8,41,18,14
8,41,2,1
8,41,2,1
8,41,2,1
8,41,2,1
8,41,2,1
8,41,2,1
8,41,3,3
8,41,3,3
8,41,4,3
8,41,7,3
8,41,8,7
8,42,2,1
8,42,2,1
8,42,2,1
8,42,2,1
8,42,2,1
8,42,2,1
8,42,2,1
8,42,2,1
8,42,3,1
8,42,3,3
8,42,4,3
8,42,9,2
8,43,11,7
8,43,2,1
8,43,2,1
8,43,2,1
8,43,2,1
8,43,2,1
8,43,2,1
8,43,2,1
8,43,2,1
8,43,3,2
8,43,3,3
8,43,6,5
8,44,118,41
8,44,16,9
8,44,2,1
8,44,2,1
8,44,2,1
8,44,2,1
8,44,2,1
8,44,2,1
8,44,2,1
8,44,2,1
8,44,2,1
8,44,2,1
8,44,20,15
8,44,3,3
8,44,3,3
8,44,6,5
8,44,7,3
8,45,2,1
8,45,2,1
8,45,2,1
8,45,2,1
8,45,2,1
8,45,2,1
8,45,2,1
8,45,2,1
8,45,2,1
8,45,3,1
8,45,3,1
8,45,3,3
8,45,3,3
8,45,37,14
8,45,4,2
8,45,4,3
8,45,8,6
8,45,8,6
8,46,2,1
8,46,2,1
8,46,2,1
8,46,2,1
8,46,2,1
8,46,2,1
8,46,2,1
8,46,2,1
8,46,2,1
8,46,3,3
8,46,3,3
8,46,5,2
8,47,10,5
8,47,2,1
8,47,2,1
8,47,2,1
8,47,2,1
8,47,2,1
8,47,2,1
8,47,2,1
8,47,3,3
8,47,3,3
8,47,3,3
8,47,3,3
8,47,5,6
8,47,7,6
8,47,7,6
8,47,7,6
8,48,2,1
8,48,2,1
8,48,2,1
8,48,3,2
8,48,3,3
8,48,4,3
8,48,4,6
8,48,5,4
8,48,5,6
8,49,10,11
8,49,182,21
8,49,2,1
8,49,2,1
8,49,2,1
8,49,2,1
8,49,2,1
8,49,2,1
8,49,2,1
8,49,2,1
8,49,2,1
8,49,4,2
8,49,5,3
8,49,56,53
8,49,6,5
8,5,2,1
8,5,2,1
8,5,2,1
8,5,2,1
8,5,2,1
8,5,2,1
8,5,2,1
8,5,2,1
8,5,2,1
8,5,2,1
8,5,2,1
8,5,2,1
8,5,2,1
8,5,2,1
8,5,2,1
8,5,2,1
8,5,2,1
8,5,2,1
8,5,2,1
8,5,2,1
8,5,2,1
8,5,2,1
8,5,2,1
8,5,2,1
8,5,2,1
8,5,2,1
8,5,2,1
8,5,2,1
8,5,2,1
8,5,2,1
8,5,3,1
8,5,3,1
8,5,3,1
8,5,3,1
8,5,3,1
8,5,3,1
8,5,3,1
8,5,3,1
8,5,3,1
8,5,3,1
8,5,3,1
8,5,3,1
8,5,3,1
8,5,3,1
8,5,3,1
8,5,3,1
8,5,3,1
8,5,3,1
8,5,3,1
8,5,3,1
8,5,3,1
8,5,3,1
8,5,3,1
8,5,3,1
8,5,3,1
8,5,3,1
8,5,3,1
8,5,3,1
8,5,3,1
8,5,3,1
8,5,3,1
8,5,3,1
8,5,3,1
8,5,3,1
8,5,3,1
8,5,3,1
8,5,3,1
8,5,3,1
8,5,3,1
8,5,3,1
8,5,3,1
8,5,3,1
8,5,3,1
8,5,3,1
8,5,3,1
8,5,3,1
8,5,3,1
8,5,3,1
8,5,3,1
8,5,3,1
8,5,3,1
8,5,3,1
8,5,3,1
8,5,3,1
8,5,3,1
8,5,3,1
8,5,3,1
8,5,3,1
8,5,3,1
8,5,3,3
8,5,3,3
8,5,3,3
8,5,3,3
8,5,3,3
8,5,3,3
8,5,3,3
8,5,3,3
8,5,3,3
8,5,3,3
8,5,3,3
8,5,3,3
8,5,4,3
8,5,4,3
8,5,4,3
8,5,4,3
8,5,6,2
8,5,6,3
8,5,7,2
8,50,2,1
8,50,2,1
8,50,2,1
8,50,2,1
8,50,2,1
8,50,2,1
8,50,2,1
8,50,2,1
8,50,2,1
8,50,3,3
8,50,3,3
8,50,3,3
8,50,3,3
8,50,7,6
8,51,2,1
8,51,2,1
8,51,2,1
8,51,2,1
8,51,2,1
8,51,2,1
8,51,3,2
8,51,3,3
8,51,4,2
8,51,8,4
8,52,2,1
8,52,2,1
8,52,2,1
8,52,2,1
8,52,2,1
8,52,2,1
8,52,2,1
8,52,2,1
8,52,2,1
8,52,2,1
8,52,2,1
8,52,2,1
8,52,2,1
8,52,2,1
8,52,2,1
8,52,2,1
8,52,3,3
8,52,3,3
8,52,4,6
8,53,2,1
8,53,2,1
8,53,2,1
8,53,2,1
8,53,2,1
8,53,3,3
8,54,10,14
8,54,2,1
8,54,2,1
8,54,2,1
8,54,2,1
8,54,2,1
8,54,2,1
8,54,2,1
8,54,3,3
8,54,31,49
8,54,4,3
8,55,18,20
8,55,2,1
8,55,2,1
8,55,2,1
8,55,2,1
8,55,2,1
8,55,3,1
8,55,3,3
8,55,4,6
8,55,6,3
8,55,8,6
8,56,2,1
8,56,2,1
8,56,2,1
8,56,2,1
8,56,2,1
8,56,27,20
8,56,3,3
8,56,3,3
8,56,3,3
8,56,8,10
8,57,2,1
8,57,2,1
8,57,2,1
8,57,2,1
8,57,2,1
8,57,2,1
8,57,2,1
8,57,2,1
8,57,2,1
8,57,2,1
8,57,2,1
8,57,2,1
8,57,2,1
8,57,2,1
8,57,2,1
8,57,2,1
8,57,2,1
8,57,2,1
8,57,2,1
8,57,2,1
8,57,2,1
8,57,2,1
8,57,2,1
8,57,3,1
8,57,3,3
8,57,5,4
8,58,12,6
8,58,2,1
8,58,2,1
8,58,2,1
8,58,2,1
8,58,2,1
8,58,2,1
8,58,2,1
8,58,2,1
8,58,2,1
8,58,2,1
8,58,2,1
8,58,3,3
8,58,3,3
8,58,3,3
8,58,34,45
8,58,4,4
8,58,4,6
8,58,5,3
8,58,57,28
8,59,2,1
8,59,2,1
8,59,2,1
8,59,2,1
8,59,2,1
8,59,2,1
8,59,2,1
8,59,2,1
8,59,2,1
8,59,2,1
8,59,2,1
8,59,3,3
8,59,34,10
8,59,9,15
8,6,2,1
8,6,2,1
8,6,2,1
8,6,2,1
8,6,2,1
8,6,2,1
8,6,2,1
8,6,2,1
8,6,2,1
8,6,2,1
8,6,2,1
8,6,2,1
8,6,2,1
8,6,2,1
8,6,2,1
8,6,2,1
8,6,2,1
8,6,2,1
8,6,2,1
8,6,2,1
8,6,2,1
8,6,2,1
8,6,2,1
8,6,2,1
8,6,2,1
8,6,2,1
8,6,2,1
8,6,2,1
8,6,2,1
8,6,3,1
8,6,3,1
8,6,3,1
8,6,3,1
8,6,3,1
8,6,3,1
8,6,3,1
8,6,3,1
8,6,3,3
8,6,3,3
8,6,3,3
8,6,3,3
8,6,3,3
8,6,3,3
8,6,3,3
8,6,3,3
8,6,4,1
8,6,4,1
8,6,4,1
8,6,4,1
8,6,4,1
8,6,4,1
8,6,4,1
8,6,4,3
8,6,4,3
8,6,4,6
8,60,10,11
8,60,2,1
8,60,2,1
8,60,2,1
8,60,2,1
8,60,2,1
8,60,2,1
8,60,2,1
8,60,2,1
8,60,2,1
8,60,2,1
8,60,3,1
8,60,4,3
8,60,5,4
8,61,18,7
8,61,2,1
8,61,2,1
8,61,2,1
8,61,2,1
8,61,2,1
8,61,2,1
8,61,3,3
8,61,4,3
8,61,4,3
8,61,4,3
8,62,11,5
8,62,2,1
8,62,2,1
8,62,2,1
8,62,2,1
8,62,2,1
8,62,2,1
8,62,2,1
8,62,2,1
8,62,3,3
8,62,4,6
8,62,6,3
8,62,7,7
8,63,2,1
8,63,2,1
8,63,2,1
8,63,2,1
8,63,2,1
8,63,2,1
8,63,2,1
8,63,2,1
8,63,2,1
8,63,2,1
8,63,3,3
8,63,5,3
8,64,2,1
8,64,2,1
8,64,2,1
8,64,2,1
8,64,2,1
8,64,2,1
8,64,2,1
8,64,3,3
8,64,3,3
8,64,3,3
8,64,35,71
8,64,4,2
8,64,7,3
8,65,2,1
8,65,2,1
8,65,2,1
8,65,2,1
8,65,2,1
8,65,3,1
8,65,3,3
8,65,4,4
8,65,5,3
8,65,6,4
8,65,74,21
8,65,79,47
8,66,2,1
8,66,2,1
8,66,2,1
8,66,2,1
8,66,2,1
8,66,2,1
8,66,2,1
8,66,2,1
8,66,2,1
8,66,2,1
8,66,2,1
8,66,2,1
8,66,3,1
8,66,3,1
8,66,3,3
8,66,4,3
8,66,4,3
8,66,6,5
8,67,2,1
8,67,2,1
8,67,2,1
8,67,2,1
8,67,2,1
8,67,20,29
8,67,5,3
8,67,6,6
8,68,2,1
8,68,2,1
8,68,2,1
8,68,2,1
8,68,3,2
8,68,6,2
8,68,6,5
8,68,7,6
8,69,18,17
8,69,2,1
8,69,2,1
8,69,2,1
8,69,2,1
8,69,2,1
8,69,2,1
8,69,2,1
8,69,2,1
8,69,3,2
8,69,3,2
8,69,3,3
8,7,2,1
8,7,2,1
8,7,2,1
8,7,2,1
8,7,2,1
8,7,2,1
8,7,2,1
8,7,2,1
8,7,2,1
8,7,2,1
8,7,2,1
8,7,2,1
8,7,2,1
8,7,2,1
8,7,2,1
8,7,3,1
8,7,3,1
8,7,3,3
8,7,3,3
8,7,3,3
8,7,3,3
8,7,3,3
8,7,3,3
8,7,3,3
8,7,3,3
8,7,4,1
8,7,4,1
8,7,4,2
8,7,4,2
8,7,4,3
8,7,4,3
8,7,4,3
8,7,5,3
8,7,5,6
8,7,7,3
8,70,2,1
8,70,2,1
8,70,2,1
8,70,2,1
8,70,2,1
8,70,2,1
8,70,2,1
8,70,2,1
8,70,5,2
8,71,12,10
8,71,12,9
8,71,15,7
8,71,2,1
8,71,2,1
8,71,2,1
8,71,2,1
8,71,2,1
8,71,2,1
8,71,2,1
8,71,2,1
8,71,2,1
8,71,4,5
8,71,6,2
8,72,10,12
8,72,2,1
8,72,2,1
8,72,2,1
8,72,2,1
8,72,2,1
8,72,2,1
8,72,2,1
8,72,3,3
8,72,3,3
8,72,30,16
8,72,43,36
8,72,5,3
8,72,5,6
8,72,6,8
8,72,9,3
8,73,17,9
8,73,2,1
8,73,2,1
8,73,2,1
8,73,2,1
8,73,2,1
8,73,3,3
8,74,14,26
8,74,2,1
8,74,2,1
8,74,2,1
8,74,2,1
8,74,2,1
8,74,3,3
8,74,43,31
8,74,7,3
8,75,11,10
8,75,15,19
8,75,2,1
8,75,2,1
8,76,2,1
8,76,2,1
8,76,2,1
8,76,2,1
8,76,2,1
8,76,2,1
8,76,2,1
8,76,2,1
8,76,2,1
8,76,2,1
8,76,2,1
8,76,5,4
8,76,5,6
8,77,2,1
8,77,2,1
8,77,2,1
8,78,19,33
8,78,2,1
8,78,2,1
8,78,2,1
8,78,2,1
8,78,4,3
8,79,2,1
8,79,2,1
8,79,2,1
8,79,2,1
8,79,2,1
8,79,2,1
8,79,2,1
8,79,2,1
8,79,8,5
8,8,2,1
8,8,2,1
8,8,2,1
8,8,2,1
8,8,2,1
8,8,2,1
8,8,2,1
8,8,2,1
8,8,2,1
8,8,2,1
8,8,2,1
8,8,2,1
8,8,2,1
8,8,2,1
8,8,3,1
8,8,3,3
8,8,3,3
8,8,3,3
8,8,3,3
8,8,3,3
8,8,3,3
8,8,4,3
8,8,4,3
8,8,4,3
8,8,9,7
8,80,2,1
8,80,3,3
8,80,51,22
8,80,7,5
8,81,2,1
8,81,2,1
8,81,2,1
8,81,2,1
8,81,2,1
8,81,2,1
8,81,48,55
8,81,5,6
8,81,6,2
8,82,19,21
8,82,2,1
8,82,2,1
8,82,2,1
8,82,2,1
8,82,2,1
8,82,5,3
8,82,5,5
8,82,7,6
8,82,9,10
8,83,12,6
8,83,2,1
8,83,2,1
8,83,2,1
8,83,2,1
8,83,3,3
8,83,4,3
8,83,7,6
8,84,129,172
8,84,2,1
8,84,2,1
8,84,2,1
8,84,3,1
8,84,3,3
8,84,4,2
8,84,6,5
8,85,13,9
8,85,14,11
8,85,2,1
8,85,2,1
8,85,9,10
8,86,2,1
8,86,2,1
8,86,2,1
8,86,2,1
8,86,3,3
8,87,19,15
8,87,2,1
8,87,2,1
8,87,2,1
8,87,2,1
8,87,3,1
8,87,3,3
8,88,18,10
8,88,2,1
8,88,2,1
8,88,2,1
8,88,3,3
8,88,3,3
8,88,4,4
8,89,2,1
8,89,2,1
8,89,2,1
8,89,2,1
8,89,2,1
8,89,2,1
8,89,2,1
8,89,3,1
8,89,4,2
8,89,8,6
8,9,2,1
8,9,2,1
8,9,2,1
8,9,2,1
8,9,2,1
8,9,2,1
8,9,2,1
8,9,2,1
8,9,2,1
8,9,2,1
8,9,2,1
8,9,3,1
8,9,3,1
8,9,3,3
8,9,3,3
8,9,3,3
8,9,4,3
8,9,5,3
8,90,2,1
8,90,2,1
8,90,2,1
8,90,2,1
8,90,2,1
8,91,181,39
8,91,2,1
8,91,2,1
8,91,2,1
8,91,3,3
8,91,8,7
8,92,2,1
8,92,2,1
8,92,2,1
8,92,2,1
8,92,2,1
8,92,2,1
8,92,2,1
8,92,7,5
8,93,10,9
8,93,2,1
8,93,41,68
8,93,8,7
8,94,2,1
8,94,2,1
8,94,2,1
8,94,2,1
8,94,2,1
8,94,2,1
8,94,3,3
8,94,4,3
8,95,2,1
8,95,2,1
8,95,2,1
8,95,3,2
8,95,3,3
8,95,4,3
8,95,7,6
8,96,13,6
8,96,2,1
8,96,2,1
8,96,2,1
8,96,2,1
8,96,2,1
8,97,2,1
8,97,2,1
8,97,2,1
8,97,2,1
8,98,3,1
8,99,2,1
8,99,2,1
8,99,2,1
8,99,2,1
8,99,29,35
8,99,7,3
8,99,7,6
